asset_id,empID,asset_name,asset_type,purchase_date,status
1,1,Access Card Outside,Keyboard,2024-02-15,Returned
2,1,Mobile Easy,Mouse,2024-02-22,Returned
3,1,Mobile Analysis,Access Card,2022-09-26,Lost
4,3,Mouse Lawyer,Mac,2022-12-20,Returned
5,3,Monitor Require,Mobile,2022-08-27,Returned
6,3,Monitor Front,Mac,2025-03-24,Returned
7,4,Mobile Option,Keyboard,2023-12-20,Returned
8,4,Mouse Day,Mac,2024-11-27,Returned
9,5,Mouse Discussion,Keyboard,2023-11-02,Lost
10,6,Mac Behind,Mac,2024-06-23,Lost
11,7,Keyboard Central,Mobile,2025-02-04,Lost
12,7,Mobile Evidence,Monitor,2022-11-20,Returned
13,7,Mobile Similar,Mouse,2024-06-09,Returned
14,9,Mobile Own,Access Card,2023-01-04,Returned
15,9,Mouse Phone,Laptop,2024-11-18,Returned
16,10,Monitor Real,Monitor,2024-05-27,Issued
17,11,Keyboard Direction,Mobile,2025-05-17,Issued
18,11,Keyboard Nor,Laptop,2024-03-20,Lost
19,12,Laptop Write,Mac,2023-11-26,Issued
20,12,Laptop Carry,Monitor,2022-06-07,Issued
21,13,Mouse Kitchen,Access Card,2024-09-23,Returned
22,13,Access Card Page,Mouse,2023-08-28,Returned
23,14,Monitor Boy,Access Card,2024-01-02,Returned
24,14,Access Card Hit,Mobile,2023-03-05,Issued
25,16,Laptop Road,Access Card,2023-10-27,Lost
26,16,Mac Work,Laptop,2024-05-29,Lost
27,16,Keyboard Attorney,Keyboard,2024-05-08,Lost
28,17,Access Card Reveal,Mobile,2022-10-15,Lost
29,17,Laptop Exist,Mac,2022-07-10,Issued
30,17,Mac Hospital,Mobile,2023-05-07,Issued
31,18,Mouse Soldier,Mac,2024-10-08,Issued
32,18,Laptop Trade,Mobile,2023-01-24,Issued
33,18,Monitor Enough,Keyboard,2024-12-13,Lost
34,19,Mac Prove,Monitor,2024-11-28,Returned
35,20,Mouse Consumer,Monitor,2022-11-30,Returned
36,20,Monitor Change,Mac,2022-11-06,Returned
37,21,Laptop Walk,Mouse,2024-10-10,Returned
38,23,Keyboard Return,Mouse,2023-04-24,Issued
39,24,Monitor Born,Keyboard,2022-09-04,Returned
40,24,Keyboard Former,Laptop,2025-05-05,Issued
41,24,Access Card Behavior,Access Card,2024-01-26,Issued
42,25,Keyboard Record,Mac,2025-03-23,Issued
43,26,Laptop Person,Mac,2025-05-13,Issued
44,27,Mac Relationship,Mobile,2025-05-20,Returned
45,28,Monitor Discussion,Access Card,2022-12-15,Returned
46,29,Monitor Accept,Mac,2024-01-18,Lost
47,29,Laptop Size,Mouse,2024-01-04,Issued
48,29,Keyboard Town,Keyboard,2022-10-30,Issued
49,30,Mouse Build,Mouse,2025-04-18,Issued
50,30,Laptop Medical,Keyboard,2024-08-25,Returned
51,32,Mobile Audience,Mouse,2024-07-25,Lost
52,37,Mouse Here,Mac,2025-03-04,Returned
53,37,Keyboard Company,Mac,2024-02-05,Lost
54,37,Keyboard Close,Keyboard,2024-12-19,Returned
55,39,Laptop Training,Access Card,2022-05-29,Issued
56,39,Keyboard Team,Mouse,2023-01-12,Issued
57,39,Laptop Because,Monitor,2022-09-09,Issued
58,40,Laptop Move,Keyboard,2023-01-24,Issued
59,40,Mouse Clear,Laptop,2023-04-11,Issued
60,41,Mobile Dark,Mobile,2024-12-01,Returned
61,42,Keyboard Range,Laptop,2022-07-19,Issued
62,42,Keyboard Word,Keyboard,2023-06-23,Issued
63,43,Access Card Move,Laptop,2022-12-30,Issued
64,45,Mobile Specific,Monitor,2024-12-26,Issued
65,45,Mouse Behind,Access Card,2024-11-02,Lost
66,47,Mobile Machine,Mac,2023-03-30,Issued
67,47,Mac Action,Access Card,2022-08-03,Issued
68,47,Keyboard Whose,Laptop,2022-07-02,Lost
69,48,Mouse Far,Access Card,2022-09-12,Issued
70,48,Mouse Later,Keyboard,2023-06-28,Issued
71,49,Mac Nothing,Access Card,2023-06-12,Lost
72,49,Keyboard Contain,Laptop,2024-02-22,Issued
73,50,Keyboard Interest,Access Card,2024-08-14,Issued
74,50,Mac Like,Mouse,2024-04-30,Returned
75,50,Laptop By,Mobile,2023-07-10,Lost
76,51,Mouse Move,Mobile,2023-04-20,Lost
77,52,Mac East,Laptop,2025-04-24,Returned
78,52,Access Card Nature,Mobile,2022-12-08,Lost
79,53,Monitor Clear,Keyboard,2024-04-03,Returned
80,53,Mouse Computer,Mac,2023-07-03,Issued
81,53,Access Card Loss,Keyboard,2022-07-20,Issued
82,54,Mac Science,Monitor,2022-11-09,Lost
83,55,Monitor Book,Access Card,2024-11-01,Issued
84,55,Mac Institution,Mouse,2023-04-11,Lost
85,55,Monitor Concern,Access Card,2024-02-06,Returned
86,56,Mobile Better,Mac,2022-07-22,Lost
87,56,Laptop Final,Mac,2023-12-15,Returned
88,57,Laptop Power,Mouse,2025-04-06,Lost
89,57,Keyboard Choice,Access Card,2023-09-20,Returned
90,60,Laptop Charge,Access Card,2024-11-11,Lost
91,60,Mouse Interest,Keyboard,2025-05-09,Issued
92,62,Keyboard Time,Monitor,2023-12-07,Returned
93,62,Mobile Always,Monitor,2022-10-16,Issued
94,63,Mobile Seat,Keyboard,2023-03-18,Returned
95,63,Mac True,Mobile,2023-06-24,Returned
96,63,Mobile Economy,Mouse,2025-04-23,Lost
97,65,Mobile Important,Keyboard,2024-01-26,Issued
98,65,Laptop Act,Monitor,2022-08-13,Returned
99,65,Monitor Conference,Monitor,2022-09-28,Lost
100,68,Monitor People,Access Card,2023-08-09,Issued
101,69,Access Card Republican,Monitor,2025-01-06,Returned
102,71,Monitor Music,Laptop,2023-07-04,Issued
103,72,Monitor Special,Mouse,2023-06-15,Lost
104,72,Mouse Environment,Keyboard,2023-07-15,Lost
105,73,Mac Word,Mouse,2022-07-28,Returned
106,73,Mobile Performance,Mouse,2023-08-02,Issued
107,73,Laptop Perform,Access Card,2023-02-13,Returned
108,74,Monitor Language,Access Card,2022-11-21,Issued
109,75,Mac Once,Access Card,2025-01-22,Issued
110,75,Keyboard First,Mac,2023-07-25,Returned
111,76,Laptop Order,Mobile,2022-07-09,Lost
112,76,Laptop Cost,Mouse,2025-01-11,Returned
113,79,Mobile Important,Mac,2025-02-16,Issued
114,80,Mouse Himself,Mac,2025-04-14,Returned
115,81,Mac Prepare,Laptop,2022-10-24,Issued
116,81,Access Card Deep,Monitor,2024-09-10,Lost
117,81,Mac Fear,Laptop,2022-08-31,Lost
118,84,Access Card Pretty,Access Card,2024-05-06,Issued
119,84,Keyboard Get,Mouse,2023-05-09,Lost
120,84,Mobile Similar,Access Card,2025-03-10,Returned
121,86,Keyboard Final,Mac,2025-04-28,Issued
122,86,Laptop Rate,Mac,2025-03-25,Lost
123,87,Mobile Behavior,Keyboard,2023-03-25,Issued
124,87,Mac Arm,Mac,2024-11-16,Issued
125,88,Keyboard Pattern,Laptop,2024-10-03,Lost
126,90,Access Card Bill,Laptop,2024-10-07,Issued
127,90,Access Card Knowledge,Access Card,2023-09-06,Returned
128,90,Monitor Society,Mac,2024-02-18,Issued
129,91,Access Card Whatever,Mouse,2022-10-16,Returned
130,91,Mouse Itself,Monitor,2023-11-02,Lost
131,93,Mobile Personal,Mouse,2022-10-10,Returned
132,93,Mouse Half,Keyboard,2024-10-06,Issued
133,93,Monitor Building,Keyboard,2024-02-13,Lost
134,94,Laptop Station,Mouse,2023-03-27,Lost
135,94,Access Card Bar,Mac,2022-10-07,Returned
136,94,Monitor Cultural,Mac,2022-12-03,Lost
137,95,Mouse Wait,Mac,2024-09-05,Lost
138,95,Mobile Also,Mac,2022-07-02,Issued
139,96,Mouse Unit,Laptop,2025-04-07,Returned
140,96,Laptop Everything,Mouse,2022-11-10,Returned
141,99,Keyboard Pressure,Mobile,2023-03-23,Issued
142,99,Mobile Bad,Keyboard,2023-09-21,Lost
143,100,Mouse Environment,Laptop,2024-04-30,Lost
144,100,Mobile Official,Access Card,2023-09-07,Issued
145,100,Access Card Baby,Mac,2025-03-05,Issued
146,102,Mac Doctor,Keyboard,2024-03-15,Issued
147,102,Mac Pay,Keyboard,2024-01-05,Lost
148,102,Access Card Experience,Mobile,2022-08-25,Returned
149,103,Mobile City,Mouse,2024-03-24,Lost
150,103,Mobile School,Mouse,2022-07-25,Lost
151,104,Mobile Prove,Mouse,2023-07-29,Returned
152,106,Access Card Soldier,Laptop,2022-06-06,Returned
153,106,Access Card Modern,Mouse,2022-10-20,Lost
154,107,Mobile Force,Mac,2024-05-22,Issued
155,107,Laptop Keep,Mac,2024-08-20,Returned
156,107,Mobile Heart,Monitor,2023-04-19,Lost
157,108,Monitor Sign,Keyboard,2023-04-08,Returned
158,108,Keyboard My,Mouse,2023-07-11,Returned
159,109,Mac Who,Monitor,2024-03-13,Returned
160,109,Keyboard Indicate,Keyboard,2023-04-08,Returned
161,109,Mac Government,Laptop,2024-04-14,Returned
162,111,Laptop Seat,Keyboard,2024-01-15,Lost
163,112,Access Card Term,Mobile,2025-01-10,Returned
164,112,Monitor Group,Monitor,2024-08-24,Issued
165,112,Access Card High,Monitor,2022-09-03,Issued
166,113,Monitor Hot,Mouse,2025-04-07,Lost
167,113,Mobile Shoulder,Monitor,2024-11-10,Returned
168,115,Access Card Chance,Keyboard,2023-07-02,Lost
169,115,Keyboard Which,Laptop,2024-05-03,Lost
170,116,Mac Move,Laptop,2024-09-30,Lost
171,117,Mac Choice,Mobile,2024-09-20,Returned
172,118,Mobile Usually,Laptop,2023-09-17,Issued
173,119,Access Card Truth,Keyboard,2023-07-25,Returned
174,119,Laptop Begin,Mouse,2023-08-22,Issued
175,119,Mobile Cell,Access Card,2024-02-01,Issued
176,121,Mac Later,Monitor,2024-07-21,Issued
177,122,Mobile Three,Laptop,2023-11-24,Issued
178,122,Keyboard Finish,Mouse,2025-05-18,Issued
179,122,Monitor Soon,Keyboard,2022-09-17,Lost
180,123,Mac Day,Monitor,2024-02-17,Returned
181,123,Laptop Direction,Keyboard,2023-01-01,Lost
182,124,Monitor Professional,Keyboard,2022-11-14,Issued
183,124,Mac Image,Mac,2024-01-29,Issued
184,124,Access Card Surface,Mouse,2024-07-24,Lost
185,125,Mac Head,Mobile,2025-03-15,Issued
186,126,Mac It,Laptop,2022-11-04,Lost
187,128,Mouse Activity,Keyboard,2024-04-03,Lost
188,129,Mouse Contain,Mac,2022-11-01,Issued
189,129,Laptop Reach,Monitor,2023-11-01,Returned
190,129,Monitor Wide,Mac,2024-02-21,Returned
191,130,Laptop Someone,Laptop,2024-11-20,Returned
192,130,Mobile Agency,Access Card,2024-02-22,Returned
193,130,Mac During,Mobile,2024-08-04,Issued
194,132,Keyboard Camera,Mouse,2023-02-19,Returned
195,132,Laptop Long,Mouse,2024-08-01,Issued
196,133,Laptop Baby,Laptop,2025-03-20,Lost
197,133,Access Card Early,Monitor,2024-11-11,Issued
198,134,Monitor Page,Mobile,2022-12-13,Returned
199,134,Monitor Capital,Access Card,2024-04-06,Returned
200,135,Mac College,Mac,2022-07-11,Returned
201,136,Monitor Plan,Laptop,2023-07-18,Issued
202,136,Laptop Peace,Monitor,2024-04-21,Issued
203,136,Mobile Job,Monitor,2024-01-20,Lost
204,137,Mouse Admit,Keyboard,2024-04-17,Issued
205,137,Laptop Soldier,Monitor,2023-04-30,Issued
206,137,Mobile Investment,Laptop,2024-03-27,Returned
207,140,Keyboard Task,Mouse,2022-12-31,Lost
208,140,Laptop Tax,Mouse,2022-05-25,Returned
209,140,Access Card Career,Mobile,2024-04-26,Lost
210,141,Mobile Month,Laptop,2025-03-20,Issued
211,143,Laptop Mission,Mouse,2023-01-31,Returned
212,144,Monitor Realize,Mouse,2025-05-10,Returned
213,144,Laptop Others,Keyboard,2024-12-08,Issued
214,145,Access Card Manager,Laptop,2024-12-01,Returned
215,145,Monitor Company,Keyboard,2023-12-16,Returned
216,145,Mobile Hope,Keyboard,2025-01-27,Issued
217,146,Monitor Sense,Laptop,2025-04-04,Issued
218,146,Laptop Indeed,Mac,2022-10-02,Lost
219,148,Monitor Ready,Mobile,2022-07-22,Issued
220,148,Laptop Edge,Mac,2024-10-21,Issued
221,149,Keyboard Bank,Access Card,2024-04-04,Returned
222,149,Monitor Time,Mac,2023-08-13,Issued
223,150,Access Card World,Mac,2024-06-27,Lost
224,150,Mac Condition,Keyboard,2023-03-09,Returned
225,150,Mac Loss,Access Card,2024-10-23,Issued
226,151,Laptop Find,Mouse,2023-01-19,Issued
227,151,Laptop Catch,Mobile,2024-01-06,Issued
228,151,Laptop Experience,Access Card,2022-07-30,Issued
229,152,Mobile Mission,Mac,2025-03-27,Issued
230,152,Mobile Medical,Mobile,2024-05-20,Issued
231,152,Mobile Time,Mobile,2024-03-05,Issued
232,153,Keyboard Maintain,Mac,2025-05-21,Lost
233,153,Keyboard Current,Monitor,2022-11-21,Returned
234,153,Monitor Kitchen,Mobile,2024-06-12,Issued
235,154,Mouse Child,Laptop,2023-11-13,Returned
236,154,Mouse Skin,Monitor,2023-02-25,Issued
237,154,Access Card Hair,Mac,2024-11-23,Returned
238,156,Access Card Interview,Mac,2022-09-10,Lost
239,156,Mobile Point,Mobile,2023-04-11,Returned
240,157,Mobile Candidate,Mac,2023-05-11,Issued
241,157,Mobile Election,Monitor,2022-07-20,Issued
242,157,Keyboard Material,Mobile,2022-10-07,Returned
243,159,Laptop With,Monitor,2024-03-26,Issued
244,159,Keyboard Feel,Monitor,2024-04-07,Lost
245,160,Monitor Third,Keyboard,2025-02-25,Issued
246,160,Mobile Follow,Mac,2023-02-22,Issued
247,162,Laptop Office,Mouse,2025-04-20,Issued
248,162,Mouse Stock,Mouse,2022-07-22,Lost
249,163,Mobile Away,Keyboard,2023-08-20,Returned
250,163,Mouse Spring,Monitor,2024-06-22,Lost
251,164,Laptop Method,Mobile,2024-01-27,Lost
252,165,Access Card Economy,Mouse,2023-02-18,Lost
253,165,Keyboard Success,Mouse,2024-05-20,Returned
254,166,Monitor Per,Laptop,2024-10-29,Issued
255,166,Keyboard Democrat,Keyboard,2024-11-13,Issued
256,166,Monitor Go,Laptop,2023-04-16,Lost
257,167,Laptop Old,Mouse,2023-11-04,Returned
258,167,Mouse Possible,Access Card,2025-04-07,Returned
259,167,Mobile Allow,Access Card,2024-10-19,Issued
260,168,Keyboard Marriage,Access Card,2023-07-03,Lost
261,169,Laptop Near,Monitor,2025-04-03,Returned
262,169,Keyboard Thus,Laptop,2024-06-03,Issued
263,169,Laptop Light,Monitor,2022-09-20,Issued
264,170,Mouse Notice,Laptop,2024-02-16,Returned
265,171,Mouse Small,Access Card,2022-08-19,Lost
266,172,Keyboard Blue,Keyboard,2023-09-06,Lost
267,172,Mouse Inside,Mobile,2025-02-09,Lost
268,172,Laptop For,Mac,2023-01-30,Lost
269,174,Monitor Economic,Mobile,2022-10-28,Returned
270,174,Monitor Item,Monitor,2022-08-13,Issued
271,174,Keyboard Wear,Keyboard,2022-11-07,Returned
272,175,Monitor Even,Mobile,2023-09-06,Lost
273,175,Keyboard Family,Mac,2023-01-14,Lost
274,176,Monitor Report,Mouse,2024-02-20,Returned
275,177,Monitor Memory,Mobile,2024-10-31,Lost
276,178,Mouse Anything,Mobile,2023-09-04,Lost
277,178,Mac Official,Mac,2024-08-16,Returned
278,179,Access Card Check,Mac,2024-06-02,Issued
279,179,Mouse Couple,Access Card,2025-03-11,Returned
280,179,Access Card Whose,Laptop,2024-07-06,Returned
281,181,Mobile Tell,Laptop,2022-12-05,Lost
282,182,Keyboard Arm,Access Card,2023-03-15,Returned
283,182,Keyboard Street,Mac,2024-09-03,Issued
284,183,Keyboard Ready,Access Card,2024-09-03,Returned
285,183,Monitor Skin,Keyboard,2023-03-05,Returned
286,185,Laptop Bar,Mac,2023-01-21,Issued
287,185,Laptop Technology,Mouse,2024-04-03,Lost
288,186,Mac Note,Monitor,2024-02-22,Lost
289,187,Mobile The,Access Card,2024-01-11,Lost
290,187,Monitor Popular,Monitor,2024-11-12,Returned
291,190,Mac Top,Access Card,2024-02-02,Lost
292,190,Mobile Either,Mobile,2022-05-28,Issued
293,190,Mac Success,Mobile,2024-08-23,Issued
294,191,Access Card Organization,Mac,2023-10-28,Returned
295,191,Mac Support,Mac,2024-12-28,Returned
296,193,Access Card Director,Mobile,2022-08-06,Returned
297,193,Mobile Factor,Mouse,2023-02-11,Returned
298,193,Monitor Maybe,Mouse,2025-05-03,Issued
299,194,Laptop Teach,Keyboard,2023-11-15,Lost
300,195,Keyboard During,Mouse,2024-09-06,Returned
301,195,Monitor Mrs,Keyboard,2022-07-15,Issued
302,195,Monitor Be,Mac,2023-10-27,Lost
303,197,Mac Glass,Monitor,2025-02-14,Issued
304,198,Mobile Throughout,Monitor,2025-01-21,Issued
305,198,Laptop American,Mobile,2023-08-12,Lost
306,199,Mobile Image,Mac,2023-03-31,Returned
307,199,Mobile Man,Mouse,2023-05-13,Lost
308,200,Access Card Some,Mouse,2023-12-10,Issued
309,200,Mobile Baby,Laptop,2025-01-06,Returned
310,201,Access Card Soldier,Monitor,2023-10-14,Lost
311,201,Access Card Democrat,Keyboard,2024-05-14,Issued
312,202,Laptop Into,Laptop,2022-05-30,Issued
313,202,Mobile Animal,Mouse,2023-10-28,Lost
314,204,Mouse Sign,Mobile,2022-07-20,Issued
315,204,Access Card Scene,Mobile,2024-04-02,Issued
316,204,Access Card Trip,Laptop,2023-03-25,Issued
317,205,Mouse Interesting,Laptop,2022-10-05,Issued
318,206,Keyboard Answer,Mobile,2024-08-24,Returned
319,206,Mac Western,Mouse,2025-02-02,Returned
320,207,Monitor Open,Laptop,2023-01-26,Issued
321,207,Laptop Worker,Mobile,2023-11-05,Issued
322,207,Mac Coach,Monitor,2024-03-22,Returned
323,210,Access Card Evidence,Keyboard,2024-07-01,Issued
324,210,Mobile Could,Monitor,2022-09-10,Issued
325,210,Mobile Doctor,Mobile,2025-03-13,Lost
326,211,Mouse Around,Laptop,2025-02-26,Issued
327,211,Keyboard Interest,Mobile,2022-07-04,Returned
328,212,Laptop Standard,Mac,2024-12-28,Returned
329,212,Mouse Now,Keyboard,2024-02-10,Returned
330,212,Mac Member,Mobile,2023-10-01,Returned
331,213,Keyboard Research,Mobile,2024-05-14,Returned
332,215,Mobile Voice,Mouse,2023-08-18,Returned
333,215,Monitor Summer,Keyboard,2023-12-07,Lost
334,215,Laptop Memory,Mac,2023-10-31,Issued
335,216,Monitor Give,Mac,2022-11-29,Issued
336,216,Keyboard Most,Monitor,2023-07-27,Returned
337,216,Mac Box,Mac,2025-03-26,Returned
338,217,Laptop More,Keyboard,2024-12-07,Issued
339,217,Mac Notice,Access Card,2024-08-27,Returned
340,218,Mouse Strong,Access Card,2024-10-01,Lost
341,218,Mouse Spend,Access Card,2022-12-08,Returned
342,220,Monitor Work,Access Card,2023-05-24,Issued
343,220,Mouse May,Access Card,2023-06-27,Lost
344,220,Keyboard Say,Monitor,2022-06-14,Returned
345,221,Mouse President,Keyboard,2024-10-25,Lost
346,221,Mouse Election,Mobile,2022-10-21,Lost
347,222,Monitor Leave,Keyboard,2023-10-17,Issued
348,223,Keyboard Suddenly,Keyboard,2024-04-20,Issued
349,223,Monitor Process,Laptop,2024-06-09,Returned
350,224,Mouse Sometimes,Monitor,2023-01-15,Returned
351,227,Mac Create,Monitor,2023-02-08,Issued
352,229,Laptop Significant,Monitor,2023-10-18,Lost
353,229,Mac Picture,Access Card,2024-07-06,Returned
354,231,Laptop Watch,Access Card,2024-07-26,Lost
355,231,Access Card Us,Keyboard,2023-04-20,Issued
356,233,Mac Clear,Mobile,2022-08-10,Lost
357,235,Mobile Dream,Access Card,2022-09-07,Returned
358,236,Laptop Magazine,Access Card,2024-09-18,Lost
359,236,Mac Consider,Access Card,2023-10-21,Returned
360,237,Laptop Forget,Access Card,2023-02-13,Lost
361,237,Mobile Something,Access Card,2025-01-02,Returned
362,237,Mouse Kitchen,Mobile,2022-11-13,Issued
363,238,Laptop Difference,Keyboard,2022-08-06,Issued
364,238,Mouse Election,Monitor,2024-01-12,Lost
365,238,Keyboard Increase,Access Card,2024-09-17,Lost
366,240,Mobile Debate,Mobile,2024-02-29,Issued
367,241,Mobile No,Mouse,2024-08-07,Issued
368,243,Mobile He,Access Card,2022-08-18,Returned
369,243,Monitor Ok,Mac,2024-02-10,Lost
370,243,Monitor Month,Access Card,2022-11-10,Issued
371,244,Mobile Also,Laptop,2023-03-24,Returned
372,245,Laptop Clearly,Keyboard,2022-08-27,Returned
373,245,Mac Seven,Mac,2024-08-14,Lost
374,246,Keyboard Tough,Keyboard,2022-12-15,Issued
375,246,Laptop Difficult,Mouse,2023-12-27,Lost
376,247,Mobile Keep,Access Card,2023-08-03,Lost
377,247,Mouse Above,Mac,2023-12-30,Lost
378,248,Access Card Important,Keyboard,2023-11-17,Issued
379,249,Keyboard Avoid,Mouse,2024-10-08,Issued
380,251,Mac Son,Mouse,2024-02-11,Lost
381,251,Monitor Action,Mac,2025-03-08,Returned
382,251,Mac Water,Mouse,2024-02-10,Returned
383,252,Mouse Congress,Monitor,2025-01-31,Lost
384,252,Mac Stock,Mac,2024-01-28,Issued
385,252,Access Card Medical,Keyboard,2024-10-17,Lost
386,253,Mac Cover,Mac,2025-03-28,Lost
387,255,Mouse Energy,Monitor,2024-10-20,Issued
388,255,Mouse Will,Access Card,2023-11-14,Lost
389,255,Access Card Wear,Mouse,2022-11-19,Lost
390,256,Access Card Card,Keyboard,2024-07-11,Issued
391,256,Access Card Until,Laptop,2024-12-20,Returned
392,259,Mac Two,Mobile,2023-02-18,Lost
393,259,Mouse Specific,Laptop,2024-03-31,Lost
394,259,Mac Anything,Access Card,2023-06-21,Lost
395,262,Monitor Several,Access Card,2023-09-02,Issued
396,263,Monitor Mind,Mac,2023-05-13,Issued
397,263,Mac Race,Access Card,2024-04-02,Issued
398,263,Mouse Them,Mouse,2023-11-04,Returned
399,264,Keyboard Particularly,Mouse,2023-07-17,Lost
400,266,Keyboard Respond,Keyboard,2022-10-02,Issued
401,266,Mouse Whose,Keyboard,2024-12-16,Returned
402,266,Access Card Still,Keyboard,2024-04-19,Issued
403,268,Mobile Parent,Mac,2024-01-06,Returned
404,268,Laptop Old,Laptop,2022-07-01,Lost
405,268,Monitor Thank,Mouse,2024-10-16,Returned
406,269,Mac North,Monitor,2022-10-07,Lost
407,270,Mobile Know,Mac,2024-01-28,Issued
408,270,Monitor Begin,Laptop,2022-08-21,Issued
409,270,Laptop Close,Mouse,2023-08-14,Lost
410,272,Mac Growth,Mobile,2025-02-05,Lost
411,272,Monitor Thank,Mouse,2022-11-24,Issued
412,272,Monitor Space,Mac,2022-12-11,Returned
413,273,Mouse Near,Keyboard,2022-11-22,Lost
414,274,Monitor Everything,Laptop,2023-01-22,Issued
415,275,Access Card Last,Monitor,2023-04-25,Lost
416,276,Laptop Artist,Mobile,2025-04-07,Lost
417,278,Mac Me,Laptop,2023-01-31,Lost
418,278,Mac Cultural,Laptop,2024-12-27,Issued
419,278,Access Card Interesting,Keyboard,2024-05-07,Issued
420,279,Mac Sister,Mac,2024-06-04,Issued
421,279,Laptop Listen,Mobile,2023-04-20,Returned
422,279,Mobile Responsibility,Keyboard,2023-12-03,Lost
423,280,Access Card Professional,Mobile,2025-02-03,Returned
424,280,Laptop Style,Access Card,2024-12-18,Lost
425,281,Monitor There,Access Card,2023-05-26,Issued
426,281,Mobile Road,Monitor,2024-02-20,Returned
427,283,Laptop Respond,Access Card,2024-09-19,Lost
428,283,Laptop Begin,Laptop,2022-09-10,Returned
429,284,Monitor Yourself,Mac,2024-03-05,Issued
430,284,Monitor Ok,Mac,2022-10-27,Returned
431,284,Mouse Bank,Access Card,2022-06-10,Issued
432,289,Mouse Nice,Monitor,2023-02-17,Lost
433,289,Mac Various,Monitor,2023-11-04,Lost
434,290,Laptop Always,Access Card,2024-09-02,Returned
435,290,Monitor Girl,Keyboard,2023-04-16,Returned
436,291,Monitor Win,Access Card,2023-06-03,Lost
437,291,Mouse Support,Mouse,2022-09-09,Issued
438,292,Mouse Friend,Mouse,2024-06-18,Issued
439,292,Laptop American,Mouse,2022-12-23,Issued
440,292,Mac Real,Keyboard,2023-08-05,Lost
441,293,Mobile Candidate,Laptop,2025-02-09,Lost
442,294,Mouse Reduce,Access Card,2025-01-15,Issued
443,294,Keyboard All,Mac,2022-07-16,Returned
444,296,Monitor Phone,Mac,2024-08-30,Returned
445,297,Mouse Material,Access Card,2023-09-22,Issued
446,297,Mobile One,Laptop,2022-09-24,Issued
447,298,Access Card Although,Monitor,2025-01-31,Returned
448,301,Keyboard Language,Mouse,2023-05-15,Lost
449,301,Monitor Have,Monitor,2023-12-13,Issued
450,301,Mobile Travel,Mouse,2022-09-14,Returned
451,303,Mouse Cut,Keyboard,2022-11-07,Lost
452,303,Mac Of,Mac,2023-09-02,Returned
453,304,Keyboard Language,Keyboard,2024-01-26,Lost
454,304,Laptop What,Mac,2023-04-16,Returned
455,307,Mouse List,Access Card,2023-05-20,Returned
456,307,Monitor Authority,Monitor,2024-06-13,Lost
457,307,Mobile Action,Laptop,2024-10-13,Lost
458,308,Laptop Hot,Laptop,2022-08-11,Returned
459,311,Mouse Despite,Mouse,2024-11-18,Issued
460,312,Mobile Sound,Access Card,2025-04-14,Lost
461,312,Access Card Whether,Laptop,2023-06-23,Lost
462,313,Keyboard Particularly,Access Card,2023-01-12,Lost
463,314,Mobile Television,Mobile,2024-11-02,Returned
464,314,Monitor Drive,Mac,2023-04-08,Returned
465,315,Laptop Model,Mouse,2023-10-26,Returned
466,315,Monitor For,Keyboard,2025-05-10,Returned
467,316,Mobile Per,Monitor,2023-07-30,Issued
468,316,Monitor Model,Mobile,2022-09-13,Lost
469,316,Keyboard Run,Access Card,2023-11-26,Lost
470,317,Access Card Lay,Keyboard,2024-04-12,Lost
471,317,Laptop House,Access Card,2024-07-30,Returned
472,317,Mobile But,Keyboard,2024-06-09,Returned
473,318,Mouse Change,Laptop,2024-02-04,Lost
474,318,Mouse Ability,Mac,2023-11-27,Lost
475,319,Access Card Wish,Mouse,2023-02-22,Issued
476,320,Keyboard Evening,Laptop,2025-01-13,Lost
477,321,Keyboard Movie,Mac,2023-10-07,Lost
478,321,Laptop Somebody,Laptop,2022-06-21,Returned
479,322,Mouse Eat,Keyboard,2024-04-30,Lost
480,325,Monitor Me,Mobile,2025-03-07,Lost
481,326,Mouse Purpose,Keyboard,2025-03-15,Returned
482,327,Monitor Mrs,Monitor,2022-12-19,Issued
483,327,Mobile About,Access Card,2022-11-07,Returned
484,328,Monitor Oil,Monitor,2025-02-25,Returned
485,328,Monitor Its,Laptop,2024-03-19,Lost
486,328,Mac Peace,Laptop,2024-07-08,Returned
487,331,Mac Seek,Keyboard,2025-02-01,Returned
488,331,Mac Natural,Mouse,2022-07-25,Issued
489,331,Mouse Car,Access Card,2023-07-19,Lost
490,332,Access Card Your,Monitor,2023-05-04,Lost
491,332,Mouse Third,Mac,2023-09-22,Returned
492,333,Laptop Prevent,Mobile,2023-11-26,Lost
493,333,Mac Reach,Access Card,2022-06-18,Issued
494,335,Mobile Floor,Mac,2022-07-02,Issued
495,336,Mobile Organization,Monitor,2023-08-13,Lost
496,338,Access Card Interest,Mouse,2023-03-26,Lost
497,338,Mouse Technology,Keyboard,2022-10-31,Issued
498,339,Keyboard Position,Keyboard,2024-09-18,Returned
499,340,Mac House,Laptop,2022-11-19,Lost
500,340,Mouse Account,Laptop,2023-05-22,Issued
501,340,Mobile Sister,Laptop,2024-10-25,Lost
502,341,Laptop If,Mouse,2022-08-25,Issued
503,341,Access Card Speech,Mac,2024-05-10,Lost
504,341,Keyboard Provide,Mobile,2022-12-25,Issued
505,342,Mobile Million,Mac,2022-08-18,Issued
506,342,Monitor Happy,Access Card,2023-07-25,Returned
507,343,Keyboard Whether,Monitor,2024-01-11,Returned
508,343,Mouse Government,Mobile,2023-09-22,Issued
509,344,Monitor Share,Laptop,2024-10-05,Lost
510,344,Mac Important,Mobile,2023-05-30,Issued
511,344,Monitor Try,Laptop,2023-01-16,Lost
512,345,Keyboard Team,Mobile,2023-07-19,Lost
513,345,Laptop Commercial,Mouse,2024-03-14,Issued
514,345,Monitor System,Access Card,2023-07-05,Issued
515,347,Mac Society,Monitor,2024-02-08,Returned
516,347,Mac Boy,Mac,2022-08-21,Issued
517,347,Mouse Half,Mouse,2025-01-16,Issued
518,348,Access Card Political,Mouse,2022-12-26,Returned
519,348,Mac He,Monitor,2024-10-24,Returned
520,348,Keyboard Learn,Mouse,2023-10-07,Issued
521,349,Mac Direction,Keyboard,2023-08-20,Returned
522,350,Monitor Century,Laptop,2024-09-10,Issued
523,351,Laptop Candidate,Keyboard,2024-06-24,Returned
524,351,Keyboard Live,Mac,2024-08-20,Returned
525,351,Keyboard Plant,Monitor,2024-05-09,Returned
526,352,Laptop Her,Monitor,2024-03-28,Returned
527,352,Monitor Act,Access Card,2022-06-02,Lost
528,352,Laptop I,Access Card,2024-12-11,Issued
529,354,Laptop Physical,Monitor,2022-06-28,Issued
530,354,Monitor Big,Mac,2024-09-28,Issued
531,354,Mobile Pressure,Laptop,2022-10-20,Issued
532,355,Mouse Economy,Mobile,2024-09-02,Returned
533,356,Mac Already,Mouse,2023-05-03,Returned
534,356,Mouse Special,Mouse,2024-05-31,Lost
535,357,Laptop Reality,Mobile,2024-09-06,Lost
536,358,Mouse Positive,Mobile,2024-07-26,Returned
537,359,Monitor Raise,Access Card,2022-12-09,Lost
538,359,Keyboard Own,Laptop,2025-01-06,Returned
539,359,Mouse Per,Access Card,2022-10-09,Lost
540,360,Access Card Card,Mac,2024-06-02,Issued
541,360,Mac Public,Monitor,2025-04-19,Returned
542,360,Access Card Her,Mouse,2022-10-26,Lost
543,361,Mobile Plan,Mobile,2022-07-30,Issued
544,361,Monitor Daughter,Mobile,2023-09-09,Issued
545,362,Mouse Message,Mouse,2023-03-12,Issued
546,362,Access Card City,Mac,2023-10-15,Lost
547,363,Laptop Painting,Keyboard,2022-07-15,Issued
548,363,Mac His,Mobile,2024-12-16,Lost
549,364,Access Card Social,Access Card,2024-06-11,Lost
550,364,Mouse Sea,Mac,2022-09-22,Returned
551,364,Mac Everyone,Monitor,2023-01-24,Issued
552,366,Monitor Visit,Monitor,2024-06-27,Lost
553,367,Keyboard Apply,Mac,2024-02-25,Lost
554,367,Laptop During,Mouse,2023-08-14,Lost
555,367,Laptop Care,Keyboard,2023-02-13,Lost
556,368,Keyboard Year,Mobile,2024-02-22,Returned
557,368,Mac May,Mobile,2024-02-17,Returned
558,368,Mouse Site,Mobile,2023-01-07,Returned
559,369,Mobile Political,Monitor,2025-03-22,Lost
560,369,Mac Affect,Keyboard,2023-02-14,Issued
561,369,Laptop Player,Keyboard,2024-09-01,Returned
562,370,Access Card Choose,Mac,2024-05-31,Returned
563,370,Mobile Or,Laptop,2024-09-06,Returned
564,371,Mac Wrong,Access Card,2023-10-27,Issued
565,371,Access Card Spend,Keyboard,2024-09-22,Issued
566,371,Mobile Tonight,Monitor,2024-08-26,Returned
567,372,Mobile Relate,Keyboard,2024-06-18,Issued
568,373,Monitor Green,Access Card,2023-11-21,Lost
569,373,Laptop Kind,Laptop,2023-06-15,Lost
570,374,Mobile Rich,Monitor,2024-04-01,Returned
571,374,Mac Dark,Access Card,2025-05-18,Lost
572,376,Monitor Voice,Mouse,2023-02-08,Lost
573,377,Access Card Explain,Access Card,2024-08-10,Issued
574,377,Keyboard End,Mouse,2024-10-07,Issued
575,377,Monitor Out,Access Card,2025-04-01,Issued
576,378,Mouse Change,Mobile,2023-05-13,Lost
577,378,Keyboard Development,Monitor,2022-09-03,Lost
578,378,Laptop Trial,Mac,2024-11-09,Lost
579,380,Access Card All,Access Card,2022-11-15,Issued
580,381,Mouse Production,Mac,2023-09-29,Returned
581,383,Access Card Television,Monitor,2024-02-09,Issued
582,383,Laptop Conference,Monitor,2024-05-13,Lost
583,383,Access Card Almost,Mac,2023-07-29,Returned
584,384,Mouse Our,Keyboard,2022-09-25,Returned
585,385,Laptop Floor,Mac,2024-11-02,Lost
586,385,Laptop Beautiful,Laptop,2023-07-24,Issued
587,385,Mac Whole,Mouse,2023-09-07,Lost
588,386,Mobile Firm,Mobile,2024-08-01,Issued
589,386,Mobile Recently,Keyboard,2023-02-05,Issued
590,386,Laptop Expect,Mac,2023-07-10,Returned
591,387,Monitor Deep,Mobile,2023-06-26,Issued
592,387,Mac Song,Access Card,2023-05-08,Returned
593,389,Keyboard Few,Access Card,2024-05-06,Lost
594,389,Mobile Phone,Keyboard,2024-10-14,Lost
595,389,Laptop Plan,Monitor,2023-03-24,Issued
596,391,Mac Produce,Mac,2022-09-06,Returned
597,392,Mouse War,Mouse,2024-12-28,Issued
598,392,Keyboard Affect,Mac,2023-12-15,Returned
599,392,Monitor Few,Laptop,2023-10-24,Returned
600,393,Mac Glass,Mouse,2023-06-19,Returned
601,393,Monitor Four,Keyboard,2023-08-24,Returned
602,393,Access Card Beyond,Mobile,2023-01-24,Issued
603,395,Mobile Bring,Mobile,2023-02-20,Lost
604,396,Keyboard Reason,Mac,2023-03-01,Returned
605,396,Keyboard Condition,Mobile,2024-11-23,Issued
606,396,Mobile Itself,Mobile,2024-01-30,Returned
607,397,Mac Letter,Mouse,2022-09-03,Lost
608,397,Laptop Become,Mouse,2023-09-22,Returned
609,397,Monitor Painting,Mac,2025-02-15,Lost
610,398,Keyboard Total,Laptop,2025-03-13,Lost
611,398,Access Card Project,Monitor,2023-07-15,Returned
612,400,Access Card Live,Monitor,2023-11-13,Lost
613,400,Mobile Use,Monitor,2024-02-21,Returned
614,400,Mac Floor,Mouse,2024-11-30,Lost
615,401,Mobile Treatment,Laptop,2023-03-15,Issued
616,401,Access Card Light,Mobile,2025-04-06,Issued
617,402,Mouse In,Monitor,2022-12-27,Returned
618,402,Mac All,Mac,2023-08-04,Returned
619,402,Monitor Meeting,Mouse,2024-09-10,Returned
620,403,Mouse Sure,Access Card,2025-01-23,Issued
621,403,Mobile Exist,Keyboard,2023-04-15,Returned
622,403,Mobile Money,Mouse,2024-11-28,Returned
623,404,Mac Group,Mouse,2022-09-10,Lost
624,406,Mac Factor,Access Card,2025-01-15,Issued
625,408,Monitor Story,Access Card,2023-10-30,Lost
626,408,Monitor Over,Keyboard,2024-07-20,Issued
627,408,Mobile To,Mobile,2024-01-02,Issued
628,409,Mouse Speak,Monitor,2022-10-29,Lost
629,410,Mouse Care,Mac,2023-04-03,Lost
630,410,Mac Size,Keyboard,2024-08-27,Issued
631,411,Access Card Similar,Laptop,2022-12-31,Lost
632,412,Monitor Weight,Mobile,2024-05-06,Issued
633,412,Mac Chair,Access Card,2025-04-05,Returned
634,412,Keyboard Wrong,Mouse,2025-02-03,Returned
635,413,Mac Then,Mobile,2024-08-20,Issued
636,414,Monitor Between,Mouse,2023-08-01,Issued
637,414,Mouse Not,Monitor,2025-03-01,Issued
638,415,Access Card Machine,Mouse,2023-04-07,Returned
639,416,Mouse May,Access Card,2023-10-04,Issued
640,416,Access Card Truth,Access Card,2022-10-16,Issued
641,416,Mouse Environment,Monitor,2023-02-21,Issued
642,417,Mac Democrat,Keyboard,2022-11-04,Issued
643,417,Monitor General,Access Card,2024-11-07,Returned
644,417,Monitor Conference,Access Card,2024-12-28,Lost
645,418,Mobile Western,Access Card,2024-04-14,Returned
646,420,Monitor Able,Keyboard,2023-06-28,Lost
647,422,Monitor Political,Mouse,2022-11-18,Returned
648,424,Monitor Against,Access Card,2024-12-23,Lost
649,424,Laptop Girl,Mac,2023-09-26,Issued
650,425,Mobile Key,Access Card,2025-01-23,Returned
651,425,Keyboard Exist,Mouse,2024-02-26,Returned
652,426,Keyboard Official,Mouse,2024-06-11,Returned
653,427,Monitor Condition,Mouse,2025-03-24,Lost
654,427,Access Card Result,Mouse,2024-02-11,Lost
655,428,Laptop Food,Keyboard,2024-06-27,Returned
656,428,Monitor Break,Mouse,2024-03-24,Lost
657,429,Monitor Protect,Mobile,2025-05-15,Issued
658,429,Access Card Culture,Mobile,2024-11-05,Lost
659,429,Monitor Democrat,Monitor,2023-03-22,Issued
660,430,Monitor Beat,Keyboard,2022-05-27,Returned
661,430,Laptop Sense,Laptop,2024-07-30,Issued
662,431,Access Card Movement,Mac,2025-03-18,Lost
663,431,Mobile Account,Laptop,2023-06-22,Lost
664,431,Laptop She,Monitor,2023-02-02,Lost
665,432,Monitor Maintain,Mobile,2023-11-24,Returned
666,432,Monitor Relationship,Laptop,2023-12-09,Lost
667,433,Laptop Detail,Mac,2022-08-31,Returned
668,433,Mouse Stage,Access Card,2024-05-16,Lost
669,433,Mac Their,Laptop,2024-02-05,Returned
670,434,Laptop Situation,Mobile,2022-07-09,Issued
671,434,Laptop Money,Mobile,2023-10-04,Returned
672,434,Keyboard Town,Monitor,2024-09-27,Returned
673,435,Mouse Several,Mac,2023-12-05,Lost
674,435,Laptop Else,Mac,2023-04-04,Lost
675,436,Mac Number,Mac,2023-11-05,Issued
676,436,Laptop The,Keyboard,2024-11-04,Lost
677,436,Laptop Leg,Mouse,2024-10-25,Issued
678,437,Mac Language,Keyboard,2024-11-16,Lost
679,437,Mouse Remember,Access Card,2024-11-15,Returned
680,437,Mouse Face,Monitor,2022-11-03,Issued
681,438,Keyboard Stand,Mobile,2025-04-05,Lost
682,438,Access Card Clearly,Keyboard,2024-02-13,Issued
683,439,Laptop For,Keyboard,2022-10-20,Lost
684,439,Mouse A,Laptop,2022-09-13,Lost
685,440,Access Card Would,Monitor,2024-09-24,Lost
686,440,Laptop Four,Mac,2023-01-03,Lost
687,440,Mac Car,Access Card,2023-06-19,Issued
688,442,Access Card Environmental,Mac,2022-07-27,Issued
689,444,Monitor Each,Mouse,2023-06-21,Lost
690,444,Monitor Even,Mouse,2022-10-09,Issued
691,444,Access Card Traditional,Monitor,2024-03-28,Issued
692,445,Monitor Lawyer,Mac,2023-05-21,Issued
693,445,Mobile Of,Monitor,2024-08-22,Lost
694,445,Mobile Half,Laptop,2025-01-19,Lost
695,446,Mouse Cover,Mouse,2025-04-19,Returned
696,447,Mac Despite,Monitor,2023-06-30,Issued
697,448,Mac Region,Mobile,2025-02-18,Returned
698,448,Access Card Ready,Laptop,2024-11-28,Lost
699,448,Mouse Skill,Monitor,2024-11-24,Returned
700,450,Mobile Population,Monitor,2025-02-03,Issued
701,452,Mac Director,Monitor,2024-05-11,Returned
702,452,Mouse Consumer,Mobile,2024-04-24,Returned
703,453,Mouse Within,Access Card,2022-11-11,Issued
704,453,Monitor Term,Mac,2023-12-24,Issued
705,454,Mac Baby,Keyboard,2024-07-26,Issued
706,454,Access Card Red,Mac,2024-01-20,Lost
707,454,Access Card Describe,Mouse,2023-04-03,Issued
708,455,Monitor Per,Mac,2024-05-24,Returned
709,455,Monitor Her,Laptop,2023-08-01,Lost
710,455,Laptop Dream,Mouse,2025-04-07,Lost
711,456,Mac Maybe,Access Card,2022-06-06,Lost
712,456,Mobile Late,Mouse,2022-05-28,Lost
713,456,Laptop Pay,Mobile,2024-05-07,Issued
714,457,Mobile Force,Mobile,2023-10-25,Returned
715,457,Keyboard Race,Mobile,2025-05-10,Issued
716,457,Mobile Energy,Mobile,2023-05-22,Returned
717,458,Laptop Mean,Laptop,2024-08-15,Returned
718,458,Access Card As,Monitor,2022-08-18,Returned
719,459,Monitor Theory,Mobile,2023-07-06,Lost
720,459,Mobile Return,Keyboard,2022-11-09,Lost
721,459,Access Card Side,Access Card,2024-10-26,Issued
722,460,Mobile Upon,Access Card,2022-06-13,Issued
723,460,Access Card Mr,Keyboard,2022-08-13,Lost
724,460,Mouse Determine,Mobile,2025-02-23,Issued
725,463,Monitor Religious,Mac,2025-04-02,Lost
726,463,Access Card Write,Mobile,2023-03-15,Returned
727,463,Monitor Challenge,Laptop,2024-08-02,Lost
728,464,Keyboard Bring,Mouse,2022-11-17,Issued
729,464,Access Card Successful,Mouse,2024-09-01,Lost
730,465,Mac Life,Mouse,2024-10-11,Lost
731,465,Laptop Agency,Monitor,2024-01-26,Issued
732,466,Keyboard East,Keyboard,2024-03-06,Lost
733,468,Monitor Argue,Mac,2024-08-05,Issued
734,469,Mouse Local,Mac,2023-10-11,Issued
735,469,Keyboard West,Mac,2023-10-07,Returned
736,470,Keyboard Run,Access Card,2025-01-06,Lost
737,471,Mac Health,Mouse,2025-04-21,Issued
738,471,Monitor Indeed,Access Card,2024-10-23,Returned
739,471,Laptop Toward,Laptop,2023-06-25,Returned
740,472,Mac Wall,Mac,2024-11-29,Lost
741,472,Keyboard Million,Access Card,2024-05-29,Returned
742,473,Mobile Raise,Laptop,2023-09-29,Issued
743,473,Mobile Soldier,Mac,2024-08-16,Returned
744,473,Access Card Know,Mouse,2023-06-15,Issued
745,474,Mac News,Laptop,2023-02-03,Returned
746,476,Keyboard That,Monitor,2025-05-15,Lost
747,476,Keyboard Also,Laptop,2022-11-10,Returned
748,478,Keyboard Color,Monitor,2023-09-15,Lost
749,478,Monitor Face,Monitor,2023-12-09,Issued
750,478,Keyboard Score,Access Card,2024-02-21,Returned
751,479,Access Card School,Laptop,2025-04-29,Lost
752,479,Mouse Painting,Keyboard,2024-07-20,Issued
753,481,Mac Power,Laptop,2024-10-31,Returned
754,481,Mouse Blue,Access Card,2023-12-29,Issued
755,482,Mobile Dinner,Access Card,2023-02-06,Returned
756,485,Laptop Once,Mobile,2025-01-08,Lost
757,485,Monitor If,Access Card,2024-03-29,Issued
758,486,Laptop Cause,Keyboard,2024-05-20,Returned
759,486,Mobile Treatment,Laptop,2023-02-15,Lost
760,486,Keyboard I,Laptop,2022-08-23,Returned
761,487,Keyboard Measure,Mobile,2023-11-19,Lost
762,487,Mobile Matter,Mac,2023-11-07,Lost
763,488,Access Card Wear,Monitor,2023-04-28,Returned
764,489,Mobile Recognize,Laptop,2025-02-19,Issued
765,489,Monitor Number,Keyboard,2024-05-15,Issued
766,490,Laptop Something,Mac,2024-06-03,Returned
767,491,Mouse Value,Mobile,2023-11-29,Lost
768,491,Mouse General,Laptop,2025-05-17,Returned
769,491,Laptop Mrs,Keyboard,2022-05-30,Returned
770,492,Monitor Form,Mouse,2025-03-28,Issued
771,493,Keyboard Friend,Mouse,2023-10-24,Lost
772,494,Laptop Lose,Mac,2022-06-09,Issued
773,494,Mac Job,Laptop,2024-02-12,Issued
774,494,Mouse Prove,Keyboard,2025-04-27,Returned
775,495,Mobile Animal,Monitor,2023-04-02,Lost
776,495,Access Card According,Access Card,2025-02-14,Issued
777,495,Mobile Business,Mac,2024-07-03,Lost
778,496,Mobile Itself,Monitor,2022-07-31,Lost
779,497,Laptop Growth,Mac,2023-11-10,Issued
780,498,Mobile Decision,Laptop,2022-10-09,Issued
781,499,Mac Maintain,Keyboard,2024-07-20,Returned
782,499,Mouse Response,Laptop,2024-12-20,Issued
783,499,Mac Ok,Mouse,2023-08-28,Issued
784,500,Mobile First,Access Card,2024-03-06,Issued
785,500,Mobile Happen,Monitor,2025-04-04,Lost
786,500,Mac Grow,Mobile,2024-07-22,Returned
787,501,Mac Meeting,Monitor,2023-07-23,Issued
788,501,Monitor Interesting,Mobile,2024-11-04,Lost
789,502,Mac American,Mac,2022-07-31,Returned
790,503,Mac Serious,Mouse,2024-05-10,Lost
791,503,Keyboard Face,Keyboard,2024-10-25,Lost
792,504,Mac Maybe,Mouse,2022-11-19,Returned
793,504,Laptop Speech,Monitor,2023-04-15,Lost
794,504,Laptop Hard,Monitor,2022-12-25,Returned
795,505,Mouse Baby,Access Card,2024-07-31,Issued
796,505,Mac Positive,Access Card,2023-01-26,Returned
797,506,Mobile From,Monitor,2023-06-16,Issued
798,506,Mouse Term,Mouse,2023-10-06,Issued
799,507,Mobile Win,Laptop,2023-08-18,Issued
800,507,Mac Ok,Monitor,2023-02-21,Issued
801,507,Keyboard Fire,Keyboard,2024-02-29,Returned
802,508,Mobile Allow,Access Card,2023-07-08,Returned
803,508,Mac Enjoy,Keyboard,2024-01-22,Issued
804,508,Mac Boy,Mouse,2024-04-29,Lost
805,509,Laptop Avoid,Mobile,2022-08-30,Returned
806,509,Mobile Technology,Access Card,2023-09-01,Returned
807,511,Monitor Blood,Monitor,2022-11-21,Returned
808,512,Mac Significant,Keyboard,2024-02-25,Lost
809,512,Mouse Record,Laptop,2022-06-18,Lost
810,512,Mac Already,Mac,2023-09-30,Lost
811,513,Mobile Glass,Monitor,2025-03-26,Returned
812,515,Access Card Goal,Access Card,2023-10-10,Lost
813,516,Mouse Attention,Mac,2023-05-26,Lost
814,517,Mac Lead,Access Card,2023-12-01,Returned
815,517,Mobile Throw,Mac,2022-09-22,Lost
816,517,Mobile Beautiful,Keyboard,2025-04-21,Returned
817,520,Mouse Song,Mobile,2024-12-01,Lost
818,520,Mac North,Access Card,2022-12-01,Issued
819,520,Monitor These,Mobile,2023-08-17,Lost
820,521,Laptop Mention,Mouse,2023-01-28,Lost
821,521,Keyboard Admit,Laptop,2024-12-13,Lost
822,521,Monitor Information,Mouse,2022-10-28,Issued
823,522,Mouse Help,Mac,2023-05-11,Lost
824,523,Laptop Later,Monitor,2022-12-16,Issued
825,523,Access Card Hope,Mobile,2024-07-26,Issued
826,524,Monitor Throughout,Access Card,2022-09-13,Lost
827,524,Laptop Suddenly,Laptop,2023-04-09,Lost
828,524,Access Card Effort,Access Card,2024-04-29,Lost
829,525,Mac Spend,Monitor,2023-12-17,Issued
830,525,Mobile Week,Mobile,2024-10-25,Issued
831,525,Mobile Join,Mac,2022-06-05,Lost
832,526,Keyboard Type,Keyboard,2023-12-27,Issued
833,526,Monitor Look,Mac,2024-02-01,Issued
834,526,Mobile Herself,Access Card,2024-05-15,Returned
835,527,Mobile Because,Mouse,2022-10-19,Lost
836,527,Laptop Discover,Mobile,2025-03-09,Issued
837,527,Laptop Yes,Mouse,2024-10-23,Issued
838,529,Access Card Want,Mouse,2024-08-25,Returned
839,529,Mobile Act,Access Card,2024-12-07,Lost
840,529,Keyboard Gun,Monitor,2023-07-11,Returned
841,532,Keyboard Another,Mobile,2024-04-30,Lost
842,532,Mobile Owner,Keyboard,2024-01-23,Lost
843,533,Mac Few,Laptop,2024-07-09,Lost
844,535,Mobile Resource,Mobile,2023-03-21,Lost
845,536,Mouse With,Mouse,2023-04-08,Returned
846,537,Monitor Walk,Mobile,2023-05-05,Lost
847,538,Mouse Year,Mouse,2023-10-02,Returned
848,538,Mac Every,Mouse,2025-02-08,Issued
849,538,Mac Scene,Access Card,2023-06-13,Issued
850,539,Mouse Spring,Mac,2023-06-10,Lost
851,539,Mouse On,Monitor,2024-02-04,Lost
852,540,Keyboard Up,Keyboard,2023-07-31,Returned
853,541,Laptop Yourself,Mouse,2024-06-04,Issued
854,541,Monitor Stand,Mac,2022-08-18,Issued
855,542,Mobile New,Keyboard,2025-04-15,Lost
856,542,Mouse Want,Access Card,2023-06-25,Lost
857,542,Access Card Word,Monitor,2024-08-25,Returned
858,544,Mac Agent,Mouse,2023-09-19,Lost
859,545,Keyboard Region,Monitor,2024-01-08,Returned
860,545,Mouse Entire,Mobile,2022-12-02,Issued
861,547,Laptop Someone,Access Card,2023-11-26,Lost
862,548,Mobile Leave,Mobile,2024-06-21,Returned
863,548,Mac Yourself,Keyboard,2024-12-03,Returned
864,549,Laptop Speak,Mouse,2023-01-04,Lost
865,549,Laptop Meeting,Monitor,2022-08-24,Issued
866,550,Monitor Young,Mac,2022-10-09,Returned
867,550,Mac Half,Monitor,2025-04-20,Issued
868,550,Mac Blood,Monitor,2023-12-01,Lost
869,551,Keyboard Enough,Monitor,2023-08-25,Lost
870,551,Mouse Question,Mouse,2023-01-14,Issued
871,551,Monitor Imagine,Mouse,2023-12-21,Issued
872,552,Keyboard Discover,Mac,2023-04-08,Lost
873,554,Mouse Training,Keyboard,2025-03-18,Issued
874,554,Monitor Nature,Mobile,2025-01-19,Issued
875,555,Mouse Likely,Mac,2022-06-08,Returned
876,555,Laptop Study,Keyboard,2022-06-03,Lost
877,555,Access Card Agreement,Laptop,2025-03-25,Issued
878,556,Laptop Entire,Mouse,2023-02-19,Lost
879,556,Keyboard Across,Mouse,2024-01-22,Returned
880,556,Keyboard Good,Access Card,2023-11-14,Returned
881,557,Monitor Executive,Access Card,2023-08-24,Returned
882,558,Access Card Moment,Laptop,2024-01-11,Lost
883,559,Monitor Beyond,Mobile,2024-02-02,Lost
884,559,Mobile Free,Laptop,2023-09-15,Returned
885,559,Monitor Personal,Mac,2024-09-17,Lost
886,561,Mac Factor,Keyboard,2023-05-20,Returned
887,561,Monitor Three,Laptop,2025-01-07,Returned
888,563,Monitor Baby,Mobile,2022-10-30,Returned
889,563,Mobile Place,Monitor,2023-11-22,Lost
890,563,Mouse Letter,Mouse,2024-03-04,Issued
891,564,Mac Base,Monitor,2022-09-26,Issued
892,564,Mouse Live,Monitor,2024-04-06,Lost
893,564,Access Card Economic,Keyboard,2023-07-07,Returned
894,565,Monitor West,Mouse,2024-01-25,Lost
895,565,Mouse Drop,Keyboard,2025-03-25,Lost
896,565,Mac Shake,Laptop,2024-08-22,Lost
897,566,Keyboard Region,Monitor,2024-03-17,Issued
898,566,Mac Keep,Monitor,2023-01-07,Returned
899,566,Mobile Expert,Keyboard,2024-10-31,Lost
900,567,Monitor Show,Laptop,2022-12-11,Lost
901,568,Mac Huge,Keyboard,2023-12-31,Issued
902,569,Mouse Resource,Mouse,2025-01-08,Issued
903,569,Monitor My,Laptop,2025-04-27,Issued
904,570,Laptop Deep,Mobile,2023-09-13,Lost
905,570,Laptop Activity,Laptop,2023-09-18,Returned
906,571,Mac True,Mobile,2022-09-11,Lost
907,572,Monitor Across,Mouse,2023-06-14,Returned
908,572,Mac Energy,Laptop,2022-08-14,Returned
909,574,Access Card Forward,Laptop,2024-07-03,Returned
910,574,Monitor Action,Laptop,2024-05-28,Returned
911,574,Access Card Produce,Mac,2024-03-20,Returned
912,575,Access Card Away,Keyboard,2023-01-28,Returned
913,577,Mobile Carry,Mouse,2024-06-02,Issued
914,579,Monitor Return,Mac,2025-02-18,Issued
915,579,Mac Simply,Keyboard,2024-08-11,Lost
916,581,Mac Up,Mouse,2022-07-30,Issued
917,582,Access Card As,Laptop,2024-10-25,Issued
918,582,Mouse Nice,Keyboard,2023-12-09,Issued
919,582,Monitor Out,Monitor,2025-03-28,Issued
920,583,Access Card Kid,Keyboard,2022-11-18,Returned
921,584,Mouse Between,Keyboard,2023-02-20,Returned
922,584,Laptop Chair,Monitor,2023-01-11,Lost
923,584,Monitor Him,Mouse,2024-01-25,Returned
924,585,Laptop Make,Mobile,2023-09-01,Returned
925,585,Monitor Defense,Access Card,2023-10-16,Returned
926,585,Mac Simple,Laptop,2022-08-09,Issued
927,586,Keyboard Civil,Laptop,2024-07-08,Lost
928,587,Monitor How,Mac,2024-06-19,Lost
929,587,Mouse Adult,Mouse,2022-10-25,Lost
930,588,Mac Ten,Mac,2024-03-18,Lost
931,588,Access Card Base,Mac,2024-08-04,Lost
932,588,Keyboard Arrive,Access Card,2023-09-23,Issued
933,592,Keyboard Poor,Mac,2023-09-04,Issued
934,593,Mac Visit,Laptop,2024-03-14,Returned
935,594,Access Card Clear,Mac,2025-03-21,Lost
936,595,Monitor Research,Monitor,2022-12-04,Returned
937,596,Laptop Real,Keyboard,2022-12-10,Returned
938,596,Monitor Kitchen,Mouse,2023-11-16,Returned
939,596,Mac Kitchen,Mac,2022-09-18,Lost
940,597,Monitor Move,Mac,2022-09-10,Lost
941,597,Keyboard Ready,Mobile,2024-05-17,Issued
942,597,Mac Young,Mac,2024-06-27,Lost
943,598,Mouse Employee,Keyboard,2025-05-14,Lost
944,598,Keyboard Including,Mobile,2022-07-21,Lost
945,600,Monitor Discuss,Mouse,2023-01-12,Issued
946,600,Monitor Democrat,Monitor,2023-05-17,Lost
947,601,Keyboard Surface,Laptop,2022-05-29,Issued
948,601,Access Card Think,Mouse,2023-01-28,Issued
949,603,Keyboard Fire,Keyboard,2023-06-11,Issued
950,605,Monitor Argue,Access Card,2023-12-03,Returned
951,605,Mobile Process,Mouse,2024-07-13,Lost
952,606,Access Card City,Monitor,2022-12-06,Returned
953,606,Mac Be,Laptop,2022-09-06,Lost
954,606,Laptop Western,Mobile,2023-02-19,Returned
955,607,Laptop Cost,Mobile,2025-03-01,Returned
956,610,Mouse Lot,Mobile,2025-04-15,Issued
957,610,Keyboard Opportunity,Mobile,2024-07-24,Lost
958,611,Mac Event,Mac,2024-09-05,Issued
959,613,Keyboard After,Monitor,2023-05-17,Returned
960,614,Keyboard Subject,Access Card,2024-01-13,Lost
961,614,Keyboard Safe,Access Card,2023-01-20,Issued
962,614,Mobile Music,Laptop,2025-03-27,Returned
963,615,Laptop Second,Mouse,2022-11-01,Issued
964,615,Mobile Evening,Laptop,2022-10-22,Returned
965,617,Mac Large,Mouse,2023-10-08,Lost
966,617,Keyboard Cup,Keyboard,2023-05-17,Issued
967,617,Mobile See,Mobile,2022-12-27,Returned
968,618,Laptop Spring,Mouse,2023-02-21,Returned
969,618,Monitor Situation,Mac,2025-04-26,Lost
970,619,Mac Ball,Mac,2024-06-07,Returned
971,621,Laptop Source,Laptop,2023-10-08,Lost
972,621,Mobile Site,Keyboard,2023-04-24,Lost
973,621,Mac Loss,Access Card,2022-09-05,Returned
974,622,Mouse Price,Laptop,2022-08-31,Issued
975,622,Mobile Event,Access Card,2023-10-28,Issued
976,622,Keyboard Ever,Access Card,2023-07-31,Returned
977,624,Mouse Ahead,Keyboard,2022-07-04,Returned
978,625,Mouse Production,Laptop,2022-09-15,Issued
979,626,Mac Your,Keyboard,2023-06-18,Returned
980,627,Mac International,Monitor,2022-12-01,Returned
981,627,Access Card That,Monitor,2022-06-15,Lost
982,628,Keyboard Great,Access Card,2024-08-15,Returned
983,628,Monitor Language,Monitor,2022-08-20,Issued
984,629,Laptop Reason,Access Card,2025-04-01,Issued
985,630,Access Card Consumer,Monitor,2023-03-15,Returned
986,630,Monitor Learn,Keyboard,2023-09-11,Lost
987,631,Laptop Property,Access Card,2024-01-02,Returned
988,631,Mac Shake,Mac,2023-01-04,Returned
989,632,Keyboard Bed,Mouse,2022-09-09,Lost
990,632,Laptop Amount,Monitor,2023-04-30,Lost
991,633,Mouse Spring,Laptop,2024-09-18,Issued
992,633,Mac Feel,Keyboard,2023-10-12,Returned
993,634,Laptop These,Monitor,2023-07-22,Issued
994,634,Keyboard White,Mac,2025-02-25,Returned
995,635,Laptop Save,Mac,2023-03-17,Returned
996,636,Mobile East,Keyboard,2024-11-20,Returned
997,636,Keyboard Data,Monitor,2024-07-27,Lost
998,638,Keyboard Name,Monitor,2023-04-05,Issued
999,638,Mouse Strong,Mobile,2022-09-06,Lost
1000,638,Mac Full,Mouse,2023-10-26,Returned
1001,641,Access Card Cut,Laptop,2023-01-31,Returned
1002,641,Access Card Mother,Monitor,2025-03-21,Lost
1003,641,Access Card Building,Mouse,2024-06-24,Returned
1004,643,Monitor Main,Mac,2024-05-23,Lost
1005,643,Mobile Occur,Access Card,2023-12-27,Lost
1006,647,Keyboard Group,Access Card,2024-03-07,Returned
1007,647,Access Card We,Mobile,2024-04-11,Returned
1008,647,Access Card Affect,Mobile,2024-09-05,Lost
1009,648,Laptop Around,Mouse,2023-10-06,Returned
1010,649,Mouse Meet,Access Card,2024-08-15,Issued
1011,650,Mac Lot,Laptop,2022-08-27,Returned
1012,650,Monitor Position,Mobile,2025-03-11,Issued
1013,651,Access Card Travel,Access Card,2025-03-31,Lost
1014,651,Keyboard Ball,Mouse,2024-12-29,Issued
1015,652,Mac Kid,Mouse,2024-02-09,Returned
1016,652,Mac Mrs,Mobile,2024-02-04,Lost
1017,652,Keyboard Herself,Mobile,2025-04-04,Returned
1018,653,Access Card Peace,Access Card,2023-09-21,Returned
1019,653,Mobile Ask,Monitor,2024-05-20,Lost
1020,655,Mac Reach,Laptop,2024-09-21,Lost
1021,655,Monitor Various,Monitor,2024-12-29,Returned
1022,656,Access Card Soon,Laptop,2025-05-04,Issued
1023,656,Mouse Above,Mobile,2024-03-27,Returned
1024,656,Keyboard Particularly,Monitor,2025-02-15,Returned
1025,657,Keyboard Where,Mobile,2022-09-06,Lost
1026,657,Laptop Maybe,Laptop,2023-01-06,Returned
1027,657,Mac Spring,Mac,2023-08-10,Returned
1028,659,Laptop Owner,Monitor,2023-04-07,Lost
1029,660,Keyboard Ability,Mac,2024-01-08,Returned
1030,661,Laptop Than,Access Card,2023-01-09,Issued
1031,662,Mac More,Mobile,2022-12-27,Issued
1032,663,Access Card Fish,Mobile,2023-05-16,Returned
1033,664,Mac Drive,Mobile,2024-11-03,Returned
1034,664,Monitor Near,Access Card,2023-07-25,Returned
1035,664,Keyboard Gun,Mac,2022-08-19,Issued
1036,665,Monitor Itself,Mouse,2023-11-08,Lost
1037,665,Monitor Consumer,Access Card,2022-07-28,Lost
1038,666,Laptop Ten,Mobile,2024-12-16,Returned
1039,667,Mac Factor,Mac,2023-03-04,Issued
1040,667,Keyboard Discuss,Access Card,2022-06-06,Lost
1041,667,Mobile Friend,Mouse,2024-01-24,Issued
1042,668,Access Card Enough,Keyboard,2023-02-25,Lost
1043,669,Mobile Section,Laptop,2023-04-15,Issued
1044,669,Mouse Just,Mouse,2024-04-27,Returned
1045,669,Mac Note,Keyboard,2024-08-27,Issued
1046,670,Mouse Appear,Mouse,2022-12-18,Lost
1047,671,Monitor Writer,Mouse,2022-09-26,Lost
1048,671,Laptop Trip,Keyboard,2024-12-20,Issued
1049,671,Mobile Specific,Laptop,2023-10-06,Lost
1050,672,Access Card Film,Mac,2025-05-12,Returned
1051,672,Mac Probably,Mouse,2022-11-17,Issued
1052,672,Access Card Protect,Mac,2023-01-29,Lost
1053,673,Keyboard Hundred,Keyboard,2024-01-13,Lost
1054,673,Keyboard Television,Mac,2022-11-17,Issued
1055,675,Keyboard Other,Mac,2023-10-01,Returned
1056,676,Mac Foreign,Access Card,2023-03-12,Returned
1057,676,Mouse Evidence,Mobile,2024-12-03,Lost
1058,676,Monitor Control,Access Card,2023-03-28,Returned
1059,677,Mac Always,Laptop,2022-08-16,Returned
1060,677,Access Card Test,Laptop,2025-05-11,Returned
1061,677,Monitor Fish,Laptop,2025-03-29,Returned
1062,678,Keyboard Difficult,Mac,2022-12-16,Issued
1063,678,Mobile Easy,Mouse,2025-05-12,Lost
1064,678,Laptop Account,Mobile,2023-10-06,Lost
1065,679,Mac Close,Access Card,2022-06-26,Returned
1066,680,Mobile Look,Monitor,2022-10-02,Returned
1067,680,Mobile Serious,Mac,2023-07-14,Lost
1068,680,Mac True,Mobile,2025-02-14,Issued
1069,681,Mac Republican,Monitor,2023-07-07,Lost
1070,683,Mouse Article,Mac,2023-05-10,Returned
1071,683,Mobile Too,Mobile,2025-02-01,Issued
1072,683,Mac General,Mouse,2023-09-29,Issued
1073,684,Laptop Security,Mac,2023-07-06,Returned
1074,684,Mobile Others,Keyboard,2024-07-28,Issued
1075,684,Laptop Sister,Laptop,2024-03-26,Issued
1076,686,Laptop Last,Laptop,2023-03-12,Lost
1077,686,Access Card Total,Laptop,2022-05-31,Issued
1078,687,Laptop Relate,Mobile,2025-03-25,Lost
1079,689,Keyboard Less,Keyboard,2023-06-18,Returned
1080,689,Access Card Pattern,Laptop,2023-06-12,Lost
1081,689,Access Card Tonight,Mobile,2022-07-14,Returned
1082,691,Laptop Whose,Access Card,2025-04-22,Returned
1083,691,Mobile While,Access Card,2023-03-15,Issued
1084,691,Mobile Ahead,Mobile,2022-11-29,Lost
1085,692,Mobile Risk,Mac,2022-10-23,Returned
1086,692,Keyboard Magazine,Mobile,2023-02-24,Returned
1087,693,Monitor Message,Mobile,2024-07-13,Lost
1088,693,Keyboard Now,Mac,2024-01-28,Lost
1089,693,Mouse Address,Mouse,2024-06-24,Lost
1090,695,Laptop Less,Mobile,2023-05-03,Lost
1091,695,Mouse Tonight,Mac,2023-09-28,Returned
1092,696,Laptop Front,Laptop,2023-02-28,Issued
1093,696,Mac Within,Monitor,2024-12-30,Issued
1094,697,Keyboard Into,Keyboard,2024-06-13,Lost
1095,697,Laptop Open,Laptop,2022-10-17,Returned
1096,699,Laptop Be,Monitor,2024-01-18,Lost
1097,699,Mobile Sea,Keyboard,2024-12-03,Lost
1098,700,Laptop Bar,Keyboard,2022-12-25,Lost
1099,700,Mouse Rest,Mobile,2024-08-15,Issued
1100,701,Keyboard Heavy,Mac,2022-11-25,Lost
1101,702,Mouse Sea,Keyboard,2023-02-07,Issued
1102,703,Access Card Contain,Laptop,2024-09-22,Returned
1103,703,Access Card Admit,Keyboard,2025-03-25,Issued
1104,703,Access Card Like,Access Card,2024-12-11,Returned
1105,704,Mac Stand,Monitor,2024-01-25,Returned
1106,704,Mac Across,Mobile,2023-02-04,Returned
1107,705,Mobile Prevent,Mac,2024-02-28,Issued
1108,705,Mac Born,Mouse,2024-06-26,Returned
1109,706,Keyboard Young,Keyboard,2023-11-27,Issued
1110,706,Access Card Use,Access Card,2023-10-28,Issued
1111,708,Monitor Occur,Monitor,2023-10-09,Returned
1112,708,Mobile Success,Mobile,2024-09-18,Lost
1113,709,Mobile Look,Mouse,2023-10-28,Returned
1114,710,Keyboard Little,Mobile,2022-08-11,Lost
1115,710,Mobile Art,Mouse,2023-01-29,Issued
1116,710,Mobile Crime,Mobile,2023-09-11,Issued
1117,711,Mac Find,Mac,2023-04-27,Returned
1118,711,Laptop Eat,Mouse,2025-05-08,Issued
1119,711,Laptop Region,Laptop,2023-10-29,Issued
1120,714,Mobile Real,Monitor,2023-08-25,Returned
1121,714,Monitor Source,Mac,2023-02-10,Returned
1122,714,Mobile By,Mobile,2024-08-06,Issued
1123,715,Mouse Can,Keyboard,2024-04-25,Returned
1124,715,Mobile Level,Mobile,2023-03-18,Returned
1125,715,Mac Participant,Keyboard,2023-10-24,Returned
1126,716,Keyboard Agent,Mobile,2022-12-12,Issued
1127,719,Mac Shoulder,Mouse,2024-10-24,Issued
1128,719,Mouse Fall,Mouse,2023-04-05,Issued
1129,720,Laptop First,Mobile,2024-03-28,Lost
1130,720,Mac Sea,Mac,2023-03-04,Issued
1131,721,Mac Truth,Keyboard,2022-07-01,Lost
1132,721,Laptop Two,Keyboard,2024-08-16,Issued
1133,726,Mobile Impact,Monitor,2022-10-01,Returned
1134,726,Mobile Peace,Laptop,2023-04-13,Issued
1135,728,Monitor Industry,Mobile,2025-03-21,Issued
1136,730,Mac Carry,Monitor,2025-01-01,Returned
1137,731,Mac Weight,Access Card,2024-11-16,Issued
1138,731,Mac Hold,Monitor,2022-09-06,Returned
1139,732,Keyboard Require,Mobile,2024-06-29,Lost
1140,733,Monitor Office,Keyboard,2024-09-09,Lost
1141,733,Mouse Administration,Mouse,2024-11-06,Lost
1142,734,Mouse Situation,Mac,2023-04-14,Returned
1143,735,Mouse College,Keyboard,2023-05-09,Issued
1144,735,Mobile Head,Mouse,2024-10-20,Lost
1145,737,Mobile Process,Access Card,2022-11-05,Issued
1146,737,Mobile Available,Access Card,2022-06-19,Returned
1147,737,Laptop Discuss,Mac,2023-08-09,Returned
1148,738,Access Card Season,Mac,2024-08-27,Lost
1149,738,Keyboard Ten,Mouse,2023-01-24,Returned
1150,738,Keyboard Put,Monitor,2024-11-06,Lost
1151,739,Mac Opportunity,Mac,2022-11-18,Issued
1152,739,Mobile Data,Mac,2023-03-10,Issued
1153,740,Mobile Officer,Access Card,2024-03-29,Lost
1154,740,Mouse Past,Mac,2024-04-26,Returned
1155,740,Monitor Very,Mouse,2022-11-29,Returned
1156,741,Mac Clearly,Mac,2024-12-12,Issued
1157,741,Laptop Peace,Keyboard,2024-11-21,Lost
1158,742,Laptop Grow,Access Card,2023-09-08,Lost
1159,744,Laptop Magazine,Keyboard,2023-06-09,Lost
1160,745,Laptop Figure,Access Card,2023-06-26,Issued
1161,745,Access Card Real,Mouse,2023-07-13,Returned
1162,746,Access Card Strategy,Monitor,2023-07-08,Issued
1163,748,Mac Race,Mac,2024-03-29,Issued
1164,748,Mac Bed,Keyboard,2023-12-29,Issued
1165,748,Laptop Cold,Mobile,2022-11-04,Lost
1166,749,Laptop Growth,Keyboard,2022-11-30,Issued
1167,749,Keyboard Future,Laptop,2022-10-03,Issued
1168,749,Keyboard Great,Mobile,2022-10-19,Lost
1169,750,Laptop Mouth,Mouse,2023-08-28,Returned
1170,752,Laptop Watch,Mobile,2025-05-21,Lost
1171,753,Monitor Religious,Mouse,2023-09-03,Issued
1172,753,Mac Agreement,Monitor,2024-05-21,Returned
1173,753,Access Card Example,Monitor,2023-01-15,Issued
1174,754,Laptop Assume,Monitor,2024-09-09,Lost
1175,754,Access Card Daughter,Monitor,2023-04-24,Issued
1176,757,Laptop Commercial,Monitor,2023-12-06,Issued
1177,757,Keyboard Plant,Access Card,2024-09-16,Issued
1178,758,Laptop Agreement,Laptop,2024-02-04,Lost
1179,758,Access Card Offer,Laptop,2022-11-01,Returned
1180,761,Mac Near,Mac,2023-09-20,Returned
1181,761,Mouse Figure,Keyboard,2022-07-02,Issued
1182,761,Access Card Similar,Laptop,2024-07-08,Lost
1183,763,Keyboard Sing,Mobile,2024-10-25,Lost
1184,763,Laptop Hour,Mac,2022-07-19,Issued
1185,763,Access Card Value,Mouse,2023-06-04,Lost
1186,765,Laptop Likely,Mobile,2024-03-21,Lost
1187,765,Laptop Ready,Mobile,2024-03-15,Issued
1188,765,Laptop Range,Monitor,2023-11-01,Issued
1189,766,Monitor Property,Access Card,2023-01-09,Lost
1190,766,Mac Middle,Laptop,2023-09-21,Returned
1191,767,Monitor Someone,Mac,2024-08-12,Issued
1192,767,Mac Word,Mac,2023-08-26,Lost
1193,767,Mouse Hope,Mobile,2023-01-13,Returned
1194,768,Access Card Office,Access Card,2023-12-20,Lost
1195,769,Mobile Program,Mouse,2023-02-12,Issued
1196,769,Mouse Region,Monitor,2023-12-23,Issued
1197,770,Access Card Call,Monitor,2024-01-09,Lost
1198,771,Access Card More,Access Card,2024-03-09,Returned
1199,774,Mac Notice,Laptop,2023-08-09,Returned
1200,776,Mobile Single,Mouse,2022-07-28,Lost
1201,777,Mac Theory,Laptop,2025-03-04,Issued
1202,777,Mobile Quite,Monitor,2025-02-07,Issued
1203,778,Access Card Maintain,Mouse,2024-07-05,Returned
1204,778,Monitor Garden,Monitor,2025-04-05,Issued
1205,778,Mouse Still,Monitor,2024-04-24,Returned
1206,779,Mobile Compare,Mac,2023-11-21,Lost
1207,780,Keyboard Arrive,Keyboard,2023-03-07,Lost
1208,781,Laptop Own,Mouse,2024-10-06,Lost
1209,781,Mobile Detail,Monitor,2023-06-21,Returned
1210,781,Mac Chair,Mouse,2022-12-23,Lost
1211,782,Laptop Quickly,Access Card,2023-04-17,Returned
1212,782,Laptop Understand,Mouse,2023-12-03,Lost
1213,782,Laptop Son,Laptop,2024-02-04,Lost
1214,783,Monitor Prepare,Keyboard,2023-04-16,Returned
1215,783,Mouse Look,Mouse,2024-04-07,Lost
1216,784,Laptop She,Access Card,2024-12-02,Issued
1217,785,Mouse Charge,Keyboard,2024-05-16,Issued
1218,785,Keyboard Leader,Mobile,2023-09-05,Issued
1219,785,Mobile Rest,Mobile,2023-02-21,Issued
1220,786,Laptop Ability,Mouse,2023-10-14,Returned
1221,788,Mobile Public,Keyboard,2023-10-19,Returned
1222,788,Access Card Strong,Mouse,2022-10-02,Issued
1223,789,Keyboard Help,Keyboard,2024-09-30,Issued
1224,790,Laptop Tree,Monitor,2024-01-01,Lost
1225,790,Mouse Company,Keyboard,2024-12-11,Lost
1226,790,Laptop Marriage,Mac,2024-08-12,Returned
1227,791,Mobile Usually,Keyboard,2024-07-25,Issued
1228,791,Mouse Opportunity,Monitor,2024-06-12,Lost
1229,792,Keyboard Trip,Mobile,2024-09-16,Issued
1230,792,Mobile Community,Mouse,2023-04-24,Lost
1231,793,Mac Agree,Mouse,2023-01-05,Returned
1232,793,Mac Answer,Access Card,2024-07-10,Lost
1233,794,Laptop Ready,Keyboard,2024-02-20,Issued
1234,794,Access Card Field,Keyboard,2022-09-13,Issued
1235,795,Laptop Last,Laptop,2023-09-24,Lost
1236,796,Mouse Common,Access Card,2023-12-13,Returned
1237,796,Monitor Mind,Access Card,2024-09-12,Lost
1238,796,Access Card Boy,Keyboard,2023-01-11,Lost
1239,797,Access Card Continue,Monitor,2023-08-05,Returned
1240,799,Mouse Generation,Access Card,2023-07-23,Returned
1241,799,Access Card Heavy,Keyboard,2023-08-17,Lost
1242,800,Laptop Second,Keyboard,2022-08-05,Lost
1243,802,Mac Red,Monitor,2022-11-11,Returned
1244,802,Mouse Fall,Mac,2024-04-22,Returned
1245,804,Access Card Short,Monitor,2025-05-21,Lost
1246,805,Mobile Century,Mobile,2025-05-01,Lost
1247,805,Laptop Mouth,Mobile,2023-03-22,Lost
1248,806,Monitor Product,Mouse,2024-02-04,Issued
1249,806,Mobile Capital,Keyboard,2024-08-20,Lost
1250,806,Mac Large,Monitor,2023-05-10,Returned
1251,807,Keyboard Field,Mac,2023-01-07,Issued
1252,807,Monitor He,Mouse,2022-08-27,Returned
1253,808,Monitor Card,Keyboard,2024-12-09,Lost
1254,808,Mouse Per,Laptop,2024-06-19,Lost
1255,809,Mac Drop,Monitor,2025-03-12,Lost
1256,809,Mac Foot,Laptop,2024-02-13,Issued
1257,810,Mac Move,Keyboard,2025-03-11,Lost
1258,811,Keyboard Expert,Monitor,2025-02-12,Issued
1259,811,Mouse Box,Laptop,2022-06-21,Returned
1260,811,Access Card Pressure,Access Card,2024-03-06,Lost
1261,812,Mac Prepare,Mobile,2024-09-24,Returned
1262,813,Laptop Whole,Keyboard,2023-02-11,Issued
1263,813,Mac Career,Mouse,2023-04-28,Returned
1264,815,Mouse Foot,Monitor,2024-03-10,Returned
1265,815,Mobile Area,Monitor,2025-03-13,Issued
1266,815,Monitor Community,Mac,2023-02-10,Returned
1267,816,Monitor Own,Keyboard,2025-05-23,Returned
1268,816,Laptop Light,Mouse,2024-03-17,Lost
1269,816,Access Card She,Keyboard,2022-09-01,Returned
1270,817,Monitor Son,Mouse,2024-09-14,Issued
1271,818,Access Card Expect,Monitor,2023-07-23,Issued
1272,818,Monitor Young,Mobile,2022-08-15,Lost
1273,819,Laptop Catch,Mac,2022-09-07,Lost
1274,819,Keyboard Maybe,Access Card,2023-03-23,Returned
1275,821,Mouse Want,Keyboard,2022-12-07,Issued
1276,821,Access Card Benefit,Monitor,2022-10-24,Issued
1277,821,Mouse Teach,Laptop,2024-01-27,Lost
1278,822,Mac Record,Mouse,2022-06-25,Issued
1279,822,Access Card Peace,Mouse,2024-05-15,Issued
1280,822,Mouse Enter,Monitor,2023-07-01,Returned
1281,823,Laptop Person,Mac,2023-09-19,Issued
1282,823,Access Card Today,Keyboard,2023-01-10,Lost
1283,823,Keyboard Course,Mac,2022-06-12,Lost
1284,825,Mac Develop,Mobile,2023-09-10,Lost
1285,826,Mobile Practice,Mouse,2023-02-23,Lost
1286,826,Mobile Everybody,Access Card,2023-11-30,Lost
1287,826,Keyboard Behind,Keyboard,2022-10-23,Issued
1288,827,Monitor Watch,Keyboard,2023-08-12,Lost
1289,827,Laptop Late,Mouse,2024-10-26,Issued
1290,827,Keyboard Store,Access Card,2024-10-07,Issued
1291,828,Keyboard Soldier,Access Card,2023-05-07,Returned
1292,828,Mobile National,Access Card,2025-02-06,Issued
1293,828,Laptop Crime,Keyboard,2023-08-02,Lost
1294,829,Mobile I,Laptop,2024-06-15,Issued
1295,830,Keyboard Force,Access Card,2024-07-02,Lost
1296,830,Access Card Possible,Mouse,2022-12-17,Lost
1297,830,Mouse Development,Mouse,2025-04-01,Returned
1298,832,Monitor Indeed,Mobile,2023-02-04,Lost
1299,832,Access Card He,Keyboard,2022-06-08,Issued
1300,832,Mobile Allow,Mac,2024-06-29,Returned
1301,833,Mac Available,Keyboard,2024-08-24,Returned
1302,833,Keyboard Threat,Mobile,2025-03-16,Lost
1303,834,Mobile Receive,Mac,2023-09-15,Returned
1304,836,Access Card Throughout,Keyboard,2025-05-06,Returned
1305,836,Access Card Camera,Access Card,2022-10-21,Issued
1306,840,Keyboard Growth,Mobile,2024-11-29,Returned
1307,840,Access Card Three,Monitor,2024-10-20,Returned
1308,841,Monitor Public,Mac,2024-08-29,Lost
1309,843,Mouse Drop,Mouse,2024-10-10,Issued
1310,843,Monitor Quite,Mac,2024-05-22,Lost
1311,844,Mobile Difference,Mouse,2024-07-13,Issued
1312,845,Laptop Black,Mobile,2022-09-10,Issued
1313,845,Laptop Institution,Keyboard,2024-12-21,Lost
1314,847,Keyboard Explain,Mobile,2024-12-29,Lost
1315,847,Mac Across,Mouse,2024-07-05,Issued
1316,847,Mobile Parent,Mobile,2023-08-07,Issued
1317,849,Access Card Fire,Mac,2023-06-15,Issued
1318,849,Keyboard Bed,Access Card,2022-10-08,Returned
1319,850,Access Card Prepare,Keyboard,2025-01-25,Returned
1320,850,Keyboard Open,Access Card,2025-05-09,Lost
1321,850,Mobile Actually,Laptop,2024-02-04,Returned
1322,851,Keyboard Purpose,Laptop,2022-09-28,Lost
1323,852,Access Card Population,Mac,2024-07-21,Returned
1324,852,Mouse Address,Mouse,2024-02-06,Lost
1325,853,Laptop Draw,Mobile,2023-04-17,Lost
1326,853,Mac Boy,Access Card,2025-01-11,Lost
1327,853,Keyboard Way,Access Card,2022-07-18,Issued
1328,854,Monitor Throw,Mobile,2024-09-17,Issued
1329,855,Keyboard Ball,Mouse,2024-06-14,Returned
1330,856,Access Card Answer,Mac,2023-03-11,Returned
1331,856,Access Card Career,Laptop,2025-01-01,Issued
1332,858,Access Card Apply,Mac,2023-07-29,Issued
1333,858,Access Card Debate,Mac,2022-10-16,Issued
1334,858,Mac Investment,Monitor,2023-06-23,Returned
1335,859,Mobile Product,Mac,2023-05-31,Returned
1336,861,Laptop Great,Laptop,2023-09-07,Lost
1337,862,Mouse Financial,Mac,2024-12-25,Returned
1338,862,Laptop More,Mac,2022-06-10,Issued
1339,862,Mobile Company,Laptop,2023-07-20,Issued
1340,863,Monitor Thousand,Mac,2023-03-27,Lost
1341,863,Mouse Size,Laptop,2023-11-04,Issued
1342,867,Access Card Full,Mobile,2024-10-06,Issued
1343,867,Mobile Hear,Keyboard,2025-03-20,Lost
1344,867,Keyboard Car,Laptop,2023-09-20,Issued
1345,868,Monitor Range,Mobile,2024-10-20,Returned
1346,868,Mobile Nice,Access Card,2024-08-02,Returned
1347,870,Access Card Others,Access Card,2022-06-09,Issued
1348,870,Keyboard Attorney,Mobile,2022-08-11,Issued
1349,870,Mobile Item,Laptop,2023-12-26,Issued
1350,871,Mouse Color,Mac,2025-02-23,Returned
1351,871,Mac Partner,Mac,2025-03-03,Issued
1352,872,Keyboard According,Mac,2023-11-23,Lost
1353,873,Mac Training,Access Card,2024-08-11,Issued
1354,874,Keyboard Decision,Laptop,2022-07-29,Returned
1355,874,Keyboard Could,Mobile,2022-07-24,Issued
1356,874,Laptop Much,Keyboard,2025-03-11,Lost
1357,875,Keyboard Knowledge,Monitor,2023-03-11,Lost
1358,876,Access Card Fear,Mouse,2023-01-13,Returned
1359,876,Monitor Nice,Laptop,2022-07-31,Lost
1360,876,Keyboard Number,Monitor,2024-11-12,Issued
1361,877,Laptop Treat,Mouse,2022-12-06,Lost
1362,877,Mobile Suddenly,Laptop,2025-02-22,Issued
1363,878,Laptop Idea,Monitor,2023-11-03,Returned
1364,878,Mac Camera,Mouse,2024-12-28,Lost
1365,878,Keyboard Example,Mac,2022-07-05,Issued
1366,879,Mac Bad,Monitor,2023-05-24,Lost
1367,879,Mouse Live,Mobile,2023-07-26,Lost
1368,880,Access Card Answer,Monitor,2024-06-10,Returned
1369,880,Access Card Exactly,Monitor,2022-06-30,Lost
1370,882,Monitor Laugh,Laptop,2024-08-02,Lost
1371,882,Mobile There,Mouse,2024-09-09,Lost
1372,882,Mouse Will,Mac,2022-10-16,Issued
1373,885,Access Card Top,Access Card,2023-07-12,Issued
1374,886,Access Card Keep,Mouse,2023-05-16,Lost
1375,886,Mouse Many,Monitor,2023-10-28,Issued
1376,887,Laptop Level,Access Card,2022-07-16,Issued
1377,887,Mobile Especially,Keyboard,2025-04-01,Issued
1378,887,Mobile Term,Monitor,2022-10-07,Returned
1379,888,Keyboard Service,Mobile,2023-11-08,Returned
1380,888,Keyboard Benefit,Mac,2025-01-05,Returned
1381,889,Laptop Teacher,Mouse,2023-02-15,Issued
1382,890,Monitor Because,Laptop,2023-06-15,Returned
1383,890,Mobile Require,Mobile,2022-09-15,Lost
1384,890,Mouse International,Mouse,2024-07-07,Lost
1385,891,Mouse Simply,Mouse,2022-07-18,Lost
1386,892,Keyboard Soldier,Mobile,2025-02-02,Returned
1387,893,Mobile Guess,Laptop,2023-02-01,Returned
1388,894,Monitor Safe,Monitor,2022-08-31,Returned
1389,894,Keyboard Song,Access Card,2025-02-19,Returned
1390,896,Laptop Keep,Mac,2022-11-15,Issued
1391,896,Mobile Case,Laptop,2024-05-18,Lost
1392,896,Mac Apply,Monitor,2024-01-09,Lost
1393,898,Mac Recently,Access Card,2023-03-11,Returned
1394,898,Mobile Imagine,Access Card,2024-04-14,Returned
1395,899,Keyboard Movie,Keyboard,2022-10-25,Issued
1396,901,Monitor Trouble,Mac,2022-08-22,Returned
1397,901,Monitor Line,Keyboard,2024-06-02,Lost
1398,902,Mac Value,Keyboard,2024-10-21,Returned
1399,904,Mouse Away,Mac,2024-12-28,Lost
1400,904,Monitor Own,Mac,2022-08-12,Issued
1401,905,Mac Meet,Laptop,2025-04-13,Returned
1402,906,Laptop Special,Monitor,2024-11-08,Lost
1403,906,Mac Simply,Monitor,2024-04-10,Lost
1404,906,Laptop Probably,Mac,2025-01-23,Lost
1405,907,Mobile Should,Monitor,2023-07-24,Issued
1406,907,Mouse Responsibility,Laptop,2022-06-19,Issued
1407,907,Laptop Everything,Mobile,2025-05-03,Returned
1408,908,Access Card Think,Access Card,2023-06-02,Returned
1409,909,Keyboard Like,Monitor,2024-05-24,Issued
1410,911,Keyboard Human,Monitor,2022-09-11,Issued
1411,911,Laptop Crime,Mac,2022-09-28,Lost
1412,911,Mouse Either,Access Card,2023-09-29,Issued
1413,913,Mobile Do,Access Card,2024-08-14,Lost
1414,913,Monitor Mother,Mouse,2025-01-16,Lost
1415,913,Mouse Threat,Access Card,2024-09-10,Issued
1416,915,Laptop Many,Monitor,2025-03-01,Issued
1417,918,Monitor Find,Mobile,2023-04-06,Returned
1418,918,Laptop Economic,Mobile,2023-09-02,Lost
1419,918,Keyboard Dark,Mobile,2025-03-07,Returned
1420,920,Mouse Perform,Laptop,2023-11-12,Issued
1421,920,Mobile Over,Keyboard,2024-01-05,Returned
1422,920,Mouse Color,Mac,2025-02-04,Issued
1423,921,Access Card Bar,Mobile,2023-04-13,Issued
1424,921,Monitor Score,Monitor,2024-12-02,Lost
1425,921,Access Card Economy,Mac,2023-04-27,Returned
1426,922,Mac From,Keyboard,2023-12-24,Issued
1427,922,Keyboard Say,Mobile,2024-10-19,Lost
1428,922,Mouse People,Mobile,2023-11-04,Lost
1429,923,Mobile Girl,Mobile,2022-07-02,Returned
1430,923,Laptop Home,Mouse,2023-02-01,Lost
1431,923,Mouse Assume,Keyboard,2025-05-20,Returned
1432,924,Mobile Interest,Keyboard,2024-12-19,Returned
1433,925,Keyboard Couple,Mac,2022-11-28,Issued
1434,925,Access Card Offer,Mobile,2025-05-11,Returned
1435,927,Mobile Character,Keyboard,2023-01-19,Lost
1436,929,Monitor Real,Laptop,2024-06-26,Issued
1437,930,Monitor Foot,Monitor,2025-01-15,Returned
1438,931,Laptop Media,Mobile,2024-06-01,Lost
1439,931,Monitor Yet,Mobile,2025-02-22,Issued
1440,932,Access Card Purpose,Mobile,2025-02-19,Lost
1441,934,Mobile Race,Monitor,2024-06-18,Issued
1442,935,Mouse Item,Laptop,2023-04-06,Returned
1443,939,Laptop Fear,Mac,2025-02-15,Returned
1444,939,Mobile So,Mobile,2024-01-24,Returned
1445,939,Keyboard Energy,Mac,2024-08-14,Lost
1446,942,Monitor Above,Mouse,2022-12-27,Lost
1447,942,Keyboard Service,Monitor,2023-03-18,Returned
1448,942,Laptop Safe,Mobile,2025-01-22,Returned
1449,943,Mac State,Keyboard,2024-06-29,Lost
1450,944,Laptop Fish,Access Card,2023-05-27,Returned
1451,945,Mobile Marriage,Mobile,2023-06-10,Issued
1452,945,Keyboard Grow,Monitor,2024-01-05,Issued
1453,947,Access Card Course,Keyboard,2023-08-16,Returned
1454,948,Mac Far,Access Card,2024-04-10,Returned
1455,948,Mac Same,Access Card,2022-11-16,Issued
1456,948,Access Card Bag,Mac,2025-04-01,Returned
1457,949,Mouse Hospital,Monitor,2024-01-20,Issued
1458,949,Mobile Smile,Mobile,2024-07-22,Lost
1459,949,Mobile Front,Access Card,2024-02-19,Returned
1460,950,Laptop Above,Laptop,2022-10-15,Issued
1461,950,Access Card Trade,Laptop,2023-09-14,Issued
1462,950,Mobile Free,Keyboard,2022-09-10,Returned
1463,951,Laptop Fund,Keyboard,2024-10-08,Returned
1464,952,Mouse Knowledge,Access Card,2023-10-25,Lost
1465,953,Keyboard Debate,Monitor,2023-01-16,Lost
1466,953,Laptop Almost,Mac,2024-01-09,Issued
1467,956,Keyboard Effort,Mac,2022-11-22,Issued
1468,956,Laptop Through,Laptop,2022-07-14,Issued
1469,956,Mac Another,Mac,2025-01-11,Issued
1470,957,Access Card Medical,Laptop,2022-06-19,Issued
1471,957,Laptop Body,Monitor,2022-11-28,Lost
1472,958,Mobile Art,Mobile,2025-02-10,Returned
1473,958,Monitor Trouble,Keyboard,2023-11-05,Issued
1474,959,Mouse Administration,Access Card,2025-03-25,Lost
1475,960,Mouse Write,Laptop,2023-07-18,Issued
1476,960,Keyboard Civil,Mouse,2023-02-13,Lost
1477,960,Monitor Mrs,Laptop,2023-03-18,Issued
1478,961,Keyboard Yard,Laptop,2024-12-24,Lost
1479,961,Keyboard Question,Mac,2024-09-18,Returned
1480,962,Mac Surface,Laptop,2023-11-18,Returned
1481,962,Laptop Once,Mobile,2024-06-03,Issued
1482,963,Mobile Professional,Access Card,2022-10-20,Lost
1483,963,Monitor Ask,Mouse,2023-11-18,Lost
1484,963,Mac Eight,Mac,2024-08-14,Returned
1485,964,Monitor Quite,Access Card,2024-08-28,Issued
1486,964,Monitor Realize,Mouse,2023-10-29,Returned
1487,965,Laptop Fall,Keyboard,2023-01-22,Lost
1488,966,Keyboard Design,Access Card,2024-08-22,Lost
1489,966,Mobile Difficult,Keyboard,2023-07-15,Lost
1490,968,Access Card Player,Mobile,2023-02-26,Lost
1491,968,Keyboard Suggest,Mouse,2023-07-02,Returned
1492,968,Access Card Without,Mouse,2025-04-15,Issued
1493,970,Monitor Minute,Mouse,2025-04-12,Returned
1494,970,Mac Million,Mouse,2024-10-14,Returned
1495,972,Mouse Machine,Mac,2023-05-11,Returned
1496,973,Keyboard Then,Mac,2022-10-09,Returned
1497,974,Laptop Must,Keyboard,2023-02-19,Lost
1498,976,Keyboard Image,Monitor,2025-04-29,Issued
1499,977,Laptop Husband,Mobile,2024-01-30,Returned
1500,978,Mouse Show,Mouse,2023-01-17,Issued
1501,980,Keyboard Subject,Monitor,2023-03-17,Issued
1502,980,Mouse Any,Mobile,2024-07-22,Issued
1503,980,Monitor Camera,Laptop,2023-02-18,Issued
1504,981,Mouse Nice,Monitor,2024-06-22,Issued
1505,981,Mac Doctor,Laptop,2022-08-24,Returned
1506,982,Keyboard Your,Mouse,2025-03-03,Issued
1507,982,Access Card Mouth,Mobile,2023-02-16,Returned
1508,982,Laptop Matter,Mac,2023-01-28,Issued
1509,983,Access Card Among,Keyboard,2022-07-05,Returned
1510,983,Mouse Somebody,Laptop,2024-06-27,Issued
1511,984,Laptop Under,Monitor,2022-12-28,Lost
1512,985,Keyboard What,Mobile,2022-12-01,Returned
1513,985,Laptop Position,Laptop,2024-11-20,Returned
1514,985,Access Card Who,Keyboard,2023-02-03,Lost
1515,986,Keyboard Effort,Mac,2025-05-10,Lost
1516,986,Access Card Yeah,Monitor,2024-12-24,Issued
1517,986,Keyboard Send,Mobile,2022-09-07,Issued
1518,987,Access Card Trip,Mac,2022-10-10,Returned
1519,987,Keyboard Alone,Monitor,2023-04-10,Returned
1520,988,Access Card Hard,Mac,2024-12-01,Lost
1521,988,Mouse Responsibility,Mouse,2024-06-29,Returned
1522,989,Laptop These,Keyboard,2023-02-22,Issued
1523,989,Mac Himself,Access Card,2024-02-11,Issued
1524,991,Mouse Raise,Mouse,2023-06-04,Returned
1525,992,Mac Partner,Access Card,2023-03-13,Issued
1526,992,Mouse Manage,Access Card,2024-06-08,Lost
1527,992,Mobile Watch,Access Card,2024-10-27,Lost
1528,993,Monitor Since,Laptop,2022-12-10,Lost
1529,995,Monitor Value,Monitor,2023-08-11,Returned
1530,995,Monitor Against,Monitor,2024-08-13,Returned
1531,995,Mouse Case,Keyboard,2025-01-21,Returned
1532,996,Keyboard Cover,Mobile,2024-07-07,Lost
1533,996,Monitor Buy,Mac,2025-03-03,Returned
1534,996,Monitor Stand,Mouse,2024-08-05,Issued
1535,997,Mobile Today,Monitor,2023-12-15,Issued
1536,998,Monitor Deep,Keyboard,2023-05-06,Returned
1537,998,Mobile Data,Mobile,2022-09-24,Lost
1538,998,Mobile Space,Access Card,2024-01-03,Lost
