training_id,empID,training_name,start_date,end_date,status
1,1,Project Management,2023-12-18,2023-12-27,Not Started
2,1,Data Analysis,2024-01-13,2024-02-07,Not Started
3,2,Leadership,2023-09-16,2023-10-15,Completed
4,2,Python Basics,2023-10-22,2023-11-15,Not Started
5,3,Python Basics,2025-04-06,2025-05-03,Not Started
6,3,Data Analysis,2025-05-19,2025-06-15,Completed
7,4,Project Management,2023-12-21,2024-01-18,Not Started
8,4,Leadership,2023-09-23,2023-09-30,Not Started
9,5,Leadership,2023-06-18,2023-07-17,Completed
10,5,Data Analysis,2024-07-02,2024-07-22,Completed
11,6,Leadership,2023-08-05,2023-08-25,Not Started
12,11,Leadership,2023-09-16,2023-10-04,Not Started
13,13,Data Analysis,2024-05-01,2024-05-19,Completed
14,13,Project Management,2024-04-01,2024-04-09,Completed
15,14,Project Management,2023-10-10,2023-10-29,Ongoing
16,14,Leadership,2025-05-01,2025-05-17,Ongoing
17,15,Project Management,2024-01-24,2024-02-23,Ongoing
18,15,Communication Skills,2023-08-27,2023-09-08,Not Started
19,16,Python Basics,2023-11-14,2023-12-12,Not Started
20,17,Project Management,2025-02-09,2025-02-25,Ongoing
21,17,Communication Skills,2023-09-30,2023-10-13,Ongoing
22,18,Project Management,2025-02-23,2025-03-25,Not Started
23,19,Data Analysis,2024-01-19,2024-02-02,Ongoing
24,19,Data Analysis,2025-04-26,2025-05-25,Ongoing
25,20,Project Management,2023-09-04,2023-09-23,Ongoing
26,20,Python Basics,2023-12-19,2024-01-07,Not Started
27,21,Communication Skills,2024-04-27,2024-05-02,Ongoing
28,21,Project Management,2024-12-15,2024-12-22,Not Started
29,22,Data Analysis,2024-10-21,2024-11-06,Not Started
30,23,Data Analysis,2023-06-27,2023-07-03,Ongoing
31,24,Python Basics,2023-11-18,2023-12-08,Not Started
32,26,Leadership,2024-01-30,2024-02-25,Not Started
33,26,Communication Skills,2023-07-13,2023-08-09,Ongoing
34,27,Communication Skills,2023-10-02,2023-10-21,Ongoing
35,29,Communication Skills,2024-11-03,2024-11-12,Completed
36,32,Python Basics,2024-02-01,2024-02-19,Not Started
37,33,Communication Skills,2023-11-20,2023-12-10,Completed
38,35,Python Basics,2024-10-07,2024-11-01,Ongoing
39,35,Communication Skills,2025-05-06,2025-05-13,Ongoing
40,36,Python Basics,2024-02-27,2024-03-22,Not Started
41,36,Python Basics,2023-11-05,2023-11-15,Ongoing
42,37,Project Management,2024-12-24,2025-01-12,Completed
43,38,Python Basics,2023-11-27,2023-12-15,Completed
44,39,Data Analysis,2024-02-12,2024-03-11,Completed
45,40,Python Basics,2024-11-15,2024-11-21,Ongoing
46,40,Data Analysis,2024-11-18,2024-12-06,Ongoing
47,42,Communication Skills,2023-07-04,2023-07-20,Ongoing
48,43,Leadership,2024-07-04,2024-07-13,Completed
49,43,Project Management,2025-01-20,2025-01-25,Ongoing
50,45,Leadership,2025-02-15,2025-03-15,Completed
51,47,Project Management,2024-05-04,2024-05-21,Completed
52,49,Data Analysis,2024-08-14,2024-09-11,Completed
53,52,Data Analysis,2025-04-26,2025-05-18,Not Started
54,52,Project Management,2023-08-24,2023-09-13,Not Started
55,54,Python Basics,2024-08-26,2024-09-04,Ongoing
56,54,Leadership,2023-10-26,2023-11-01,Completed
57,56,Python Basics,2024-04-15,2024-05-05,Ongoing
58,57,Communication Skills,2024-04-16,2024-04-27,Not Started
59,57,Communication Skills,2024-02-22,2024-03-11,Completed
60,58,Project Management,2024-01-28,2024-02-14,Ongoing
61,58,Python Basics,2024-04-05,2024-04-25,Ongoing
62,59,Data Analysis,2025-02-26,2025-03-20,Not Started
63,59,Communication Skills,2024-04-07,2024-04-13,Ongoing
64,60,Leadership,2024-01-05,2024-01-15,Not Started
65,60,Leadership,2023-09-16,2023-09-21,Completed
66,61,Communication Skills,2024-02-21,2024-02-29,Not Started
67,61,Communication Skills,2024-08-18,2024-09-03,Completed
68,62,Data Analysis,2023-11-06,2023-11-17,Completed
69,63,Leadership,2025-02-08,2025-02-22,Ongoing
70,64,Leadership,2025-02-20,2025-03-14,Not Started
71,65,Data Analysis,2023-10-07,2023-10-30,Completed
72,65,Communication Skills,2023-08-19,2023-09-14,Not Started
73,66,Python Basics,2024-08-27,2024-09-07,Not Started
74,67,Data Analysis,2025-02-03,2025-02-16,Not Started
75,67,Project Management,2024-12-05,2024-12-13,Completed
76,69,Data Analysis,2024-12-28,2025-01-19,Ongoing
77,69,Project Management,2024-04-07,2024-04-13,Not Started
78,70,Leadership,2024-06-11,2024-07-04,Completed
79,70,Python Basics,2024-01-25,2024-02-10,Completed
80,71,Leadership,2024-08-13,2024-09-07,Ongoing
81,72,Communication Skills,2024-04-27,2024-05-26,Completed
82,72,Communication Skills,2024-01-07,2024-02-04,Not Started
83,73,Project Management,2023-09-24,2023-10-12,Not Started
84,73,Communication Skills,2024-01-16,2024-01-25,Ongoing
85,82,Leadership,2023-10-05,2023-10-29,Ongoing
86,83,Project Management,2024-02-18,2024-03-18,Ongoing
87,84,Project Management,2025-01-13,2025-02-06,Not Started
88,84,Python Basics,2024-02-26,2024-03-06,Not Started
89,86,Python Basics,2024-05-11,2024-06-09,Ongoing
90,86,Data Analysis,2024-09-01,2024-09-26,Not Started
91,87,Communication Skills,2024-01-02,2024-01-30,Completed
92,88,Data Analysis,2025-01-13,2025-02-01,Not Started
93,88,Communication Skills,2023-09-19,2023-09-26,Ongoing
94,90,Data Analysis,2023-12-01,2023-12-29,Ongoing
95,90,Leadership,2024-06-27,2024-07-14,Ongoing
96,91,Project Management,2024-01-14,2024-01-31,Completed
97,91,Leadership,2023-06-19,2023-07-01,Ongoing
98,92,Python Basics,2025-02-28,2025-03-16,Not Started
99,93,Data Analysis,2024-03-24,2024-04-16,Not Started
100,94,Python Basics,2024-07-03,2024-08-01,Not Started
101,96,Leadership,2023-12-06,2023-12-29,Not Started
102,98,Data Analysis,2023-11-24,2023-12-12,Ongoing
103,99,Communication Skills,2024-02-03,2024-02-29,Completed
104,100,Project Management,2024-11-30,2024-12-28,Ongoing
105,101,Python Basics,2024-11-22,2024-12-06,Not Started
106,102,Python Basics,2024-08-03,2024-08-23,Not Started
107,104,Python Basics,2024-03-17,2024-03-28,Not Started
108,104,Data Analysis,2024-05-18,2024-05-26,Completed
109,106,Python Basics,2024-05-15,2024-06-03,Ongoing
110,107,Project Management,2024-11-07,2024-11-26,Not Started
111,107,Leadership,2023-08-23,2023-09-08,Completed
112,108,Data Analysis,2023-11-08,2023-11-24,Not Started
113,108,Python Basics,2024-01-03,2024-01-24,Completed
114,110,Project Management,2023-11-08,2023-12-08,Not Started
115,111,Python Basics,2024-07-22,2024-08-09,Completed
116,113,Leadership,2024-03-30,2024-04-09,Not Started
117,113,Data Analysis,2023-05-31,2023-06-08,Ongoing
118,114,Leadership,2024-05-28,2024-06-12,Completed
119,115,Leadership,2023-08-07,2023-08-24,Not Started
120,115,Data Analysis,2023-12-08,2023-12-24,Completed
121,117,Leadership,2023-12-19,2024-01-12,Completed
122,120,Project Management,2024-01-18,2024-02-03,Not Started
123,120,Python Basics,2023-11-28,2023-12-19,Ongoing
124,122,Communication Skills,2023-11-26,2023-12-09,Completed
125,124,Project Management,2025-03-23,2025-04-19,Ongoing
126,125,Communication Skills,2023-08-15,2023-09-01,Not Started
127,127,Data Analysis,2023-09-05,2023-09-17,Completed
128,128,Leadership,2023-08-14,2023-08-22,Completed
129,130,Communication Skills,2024-05-08,2024-05-30,Not Started
130,130,Python Basics,2024-07-11,2024-08-01,Not Started
131,131,Leadership,2023-07-06,2023-07-17,Completed
132,133,Leadership,2025-03-05,2025-04-03,Ongoing
133,133,Data Analysis,2025-04-02,2025-04-20,Completed
134,135,Communication Skills,2023-11-29,2023-12-17,Ongoing
135,136,Communication Skills,2024-10-06,2024-10-11,Completed
136,136,Leadership,2023-09-30,2023-10-11,Completed
137,137,Leadership,2024-05-14,2024-05-29,Not Started
138,138,Communication Skills,2023-12-09,2023-12-16,Ongoing
139,140,Communication Skills,2023-08-28,2023-09-12,Not Started
140,141,Leadership,2024-01-10,2024-01-20,Not Started
141,141,Project Management,2025-01-15,2025-01-23,Ongoing
142,142,Project Management,2024-03-25,2024-04-18,Ongoing
143,144,Leadership,2024-03-06,2024-03-13,Completed
144,145,Data Analysis,2024-01-18,2024-01-31,Ongoing
145,146,Python Basics,2023-07-23,2023-08-03,Completed
146,146,Project Management,2024-02-29,2024-03-30,Ongoing
147,148,Data Analysis,2023-11-23,2023-11-29,Ongoing
148,149,Project Management,2024-07-07,2024-07-19,Completed
149,149,Leadership,2024-06-03,2024-06-15,Not Started
150,150,Project Management,2024-10-14,2024-10-19,Completed
151,150,Data Analysis,2025-05-04,2025-06-03,Completed
152,153,Project Management,2024-01-21,2024-02-04,Not Started
153,154,Project Management,2025-05-12,2025-06-05,Completed
154,155,Data Analysis,2024-04-03,2024-04-21,Completed
155,157,Project Management,2023-06-17,2023-07-09,Completed
156,159,Data Analysis,2023-10-18,2023-11-12,Not Started
157,159,Communication Skills,2023-06-19,2023-07-09,Completed
158,160,Leadership,2025-04-13,2025-04-23,Completed
159,160,Project Management,2024-12-10,2024-12-17,Ongoing
160,161,Communication Skills,2024-04-12,2024-04-23,Completed
161,162,Project Management,2024-12-14,2025-01-06,Ongoing
162,162,Python Basics,2024-11-25,2024-12-04,Ongoing
163,163,Project Management,2025-05-22,2025-06-13,Not Started
164,163,Leadership,2025-01-08,2025-01-16,Ongoing
165,164,Communication Skills,2024-03-12,2024-04-02,Completed
166,164,Data Analysis,2024-10-29,2024-11-16,Completed
167,165,Leadership,2023-12-23,2024-01-19,Completed
168,165,Data Analysis,2024-12-24,2025-01-22,Completed
169,167,Project Management,2025-03-26,2025-04-01,Ongoing
170,168,Leadership,2024-05-03,2024-05-08,Not Started
171,169,Data Analysis,2025-04-18,2025-04-30,Ongoing
172,169,Communication Skills,2023-09-15,2023-10-15,Ongoing
173,171,Data Analysis,2025-04-29,2025-05-05,Ongoing
174,173,Communication Skills,2023-07-30,2023-08-18,Completed
175,173,Leadership,2025-03-09,2025-03-31,Ongoing
176,175,Project Management,2024-07-24,2024-08-02,Completed
177,176,Leadership,2023-09-16,2023-09-22,Not Started
178,177,Python Basics,2024-11-10,2024-12-08,Ongoing
179,177,Communication Skills,2023-12-31,2024-01-23,Completed
180,179,Communication Skills,2024-05-29,2024-06-26,Not Started
181,180,Project Management,2024-09-02,2024-09-28,Ongoing
182,180,Leadership,2025-02-21,2025-03-12,Ongoing
183,182,Communication Skills,2023-12-13,2023-12-31,Not Started
184,186,Project Management,2023-09-08,2023-09-28,Not Started
185,186,Project Management,2024-10-16,2024-11-06,Ongoing
186,187,Communication Skills,2024-05-29,2024-06-24,Completed
187,187,Project Management,2024-12-03,2024-12-26,Not Started
188,188,Communication Skills,2024-07-07,2024-07-17,Ongoing
189,188,Python Basics,2023-11-09,2023-12-01,Completed
190,189,Leadership,2023-10-28,2023-11-08,Not Started
191,189,Leadership,2023-09-12,2023-09-25,Ongoing
192,190,Communication Skills,2024-07-06,2024-08-04,Completed
193,191,Project Management,2023-09-18,2023-10-12,Ongoing
194,191,Data Analysis,2023-10-23,2023-11-07,Ongoing
195,192,Data Analysis,2023-10-26,2023-11-20,Ongoing
196,193,Communication Skills,2024-09-27,2024-10-22,Completed
197,193,Data Analysis,2023-10-27,2023-11-18,Not Started
198,194,Python Basics,2024-04-04,2024-04-24,Not Started
199,196,Data Analysis,2023-12-07,2023-12-23,Ongoing
200,197,Python Basics,2024-07-12,2024-08-10,Completed
201,197,Python Basics,2023-10-24,2023-11-11,Ongoing
202,198,Python Basics,2023-12-07,2023-12-23,Completed
203,198,Python Basics,2024-05-28,2024-06-02,Completed
204,201,Communication Skills,2025-04-19,2025-05-18,Ongoing
205,202,Leadership,2025-05-20,2025-05-31,Not Started
206,204,Data Analysis,2025-01-26,2025-02-03,Not Started
207,204,Communication Skills,2024-03-09,2024-04-05,Completed
208,207,Communication Skills,2023-09-06,2023-09-11,Completed
209,208,Python Basics,2023-10-02,2023-10-08,Not Started
210,210,Communication Skills,2025-02-24,2025-03-04,Ongoing
211,210,Leadership,2024-06-30,2024-07-06,Completed
212,211,Leadership,2023-09-04,2023-09-21,Not Started
213,215,Python Basics,2024-09-14,2024-10-14,Not Started
214,218,Python Basics,2024-11-18,2024-12-10,Completed
215,219,Communication Skills,2025-01-30,2025-02-19,Ongoing
216,219,Leadership,2025-03-12,2025-03-28,Completed
217,220,Data Analysis,2024-11-24,2024-12-01,Ongoing
218,220,Communication Skills,2024-02-14,2024-03-01,Ongoing
219,222,Data Analysis,2024-07-09,2024-07-18,Ongoing
220,222,Data Analysis,2025-01-28,2025-02-27,Completed
221,223,Data Analysis,2024-06-05,2024-06-18,Not Started
222,223,Data Analysis,2024-03-29,2024-04-10,Not Started
223,224,Project Management,2024-09-02,2024-09-27,Ongoing
224,224,Data Analysis,2023-10-15,2023-11-09,Not Started
225,225,Data Analysis,2024-12-10,2024-12-21,Not Started
226,225,Python Basics,2023-08-21,2023-09-09,Ongoing
227,226,Communication Skills,2023-06-01,2023-06-06,Ongoing
228,229,Data Analysis,2024-01-04,2024-01-18,Completed
229,230,Leadership,2023-09-24,2023-10-19,Ongoing
230,231,Data Analysis,2024-07-14,2024-08-07,Ongoing
231,232,Project Management,2023-12-31,2024-01-14,Ongoing
232,232,Leadership,2024-03-03,2024-03-19,Ongoing
233,234,Project Management,2023-07-02,2023-07-17,Ongoing
234,235,Project Management,2025-02-27,2025-03-26,Completed
235,235,Data Analysis,2023-12-28,2024-01-20,Ongoing
236,236,Project Management,2024-05-01,2024-05-26,Not Started
237,236,Project Management,2023-06-06,2023-07-01,Not Started
238,237,Leadership,2024-07-18,2024-07-31,Ongoing
239,237,Python Basics,2024-06-27,2024-07-23,Ongoing
240,239,Communication Skills,2024-12-12,2024-12-19,Completed
241,240,Python Basics,2024-02-07,2024-03-04,Completed
242,242,Leadership,2024-08-06,2024-08-25,Completed
243,243,Communication Skills,2023-06-17,2023-06-27,Not Started
244,246,Data Analysis,2024-06-11,2024-06-26,Completed
245,247,Project Management,2024-07-30,2024-08-11,Ongoing
246,248,Communication Skills,2024-05-25,2024-06-18,Not Started
247,250,Project Management,2024-11-10,2024-11-17,Ongoing
248,251,Leadership,2023-12-08,2024-01-06,Completed
249,251,Data Analysis,2024-05-22,2024-06-17,Completed
250,252,Communication Skills,2024-04-05,2024-05-02,Ongoing
251,253,Data Analysis,2023-09-27,2023-10-14,Not Started
252,253,Python Basics,2024-01-21,2024-02-10,Not Started
253,254,Data Analysis,2024-11-10,2024-11-18,Ongoing
254,256,Data Analysis,2024-05-12,2024-06-06,Ongoing
255,257,Communication Skills,2024-09-23,2024-10-02,Ongoing
256,257,Python Basics,2024-01-18,2024-01-30,Completed
257,258,Communication Skills,2023-06-05,2023-07-05,Completed
258,258,Data Analysis,2023-12-30,2024-01-21,Completed
259,259,Communication Skills,2024-05-23,2024-06-11,Ongoing
260,259,Data Analysis,2023-10-28,2023-11-20,Completed
261,260,Project Management,2023-06-06,2023-06-19,Ongoing
262,260,Data Analysis,2025-03-17,2025-04-14,Ongoing
263,261,Project Management,2023-06-15,2023-06-29,Not Started
264,262,Leadership,2023-05-29,2023-06-11,Completed
265,263,Data Analysis,2025-01-29,2025-02-25,Completed
266,263,Data Analysis,2024-11-05,2024-11-23,Not Started
267,264,Python Basics,2025-05-11,2025-05-19,Ongoing
268,265,Project Management,2024-09-06,2024-09-12,Not Started
269,265,Python Basics,2024-07-03,2024-07-11,Completed
270,266,Data Analysis,2023-09-15,2023-09-28,Not Started
271,266,Leadership,2023-09-06,2023-09-17,Not Started
272,268,Leadership,2023-08-18,2023-08-28,Not Started
273,268,Python Basics,2025-05-11,2025-06-10,Ongoing
274,270,Communication Skills,2024-08-31,2024-09-19,Not Started
275,271,Python Basics,2025-05-15,2025-05-24,Not Started
276,271,Data Analysis,2024-06-07,2024-07-02,Ongoing
277,272,Leadership,2024-01-23,2024-02-09,Not Started
278,272,Python Basics,2024-11-30,2024-12-21,Not Started
279,274,Leadership,2024-07-18,2024-08-11,Completed
280,275,Project Management,2024-08-24,2024-09-05,Completed
281,276,Project Management,2024-12-19,2025-01-16,Not Started
282,276,Python Basics,2025-05-19,2025-06-12,Ongoing
283,277,Python Basics,2024-07-08,2024-08-01,Ongoing
284,277,Communication Skills,2024-10-25,2024-11-07,Not Started
285,278,Project Management,2024-04-21,2024-05-06,Completed
286,278,Data Analysis,2024-05-25,2024-06-14,Ongoing
287,279,Data Analysis,2025-03-12,2025-04-06,Completed
288,279,Project Management,2024-09-02,2024-09-10,Not Started
289,280,Leadership,2024-12-12,2025-01-08,Ongoing
290,281,Leadership,2025-05-16,2025-05-24,Not Started
291,281,Data Analysis,2024-06-12,2024-06-22,Not Started
292,282,Communication Skills,2024-11-22,2024-12-15,Completed
293,285,Leadership,2023-08-11,2023-08-22,Completed
294,285,Communication Skills,2024-10-25,2024-11-20,Ongoing
295,287,Data Analysis,2023-09-20,2023-10-20,Not Started
296,287,Leadership,2023-12-10,2023-12-20,Completed
297,290,Python Basics,2024-04-08,2024-04-20,Not Started
298,290,Python Basics,2023-12-27,2024-01-14,Ongoing
299,292,Leadership,2024-04-08,2024-04-14,Completed
300,292,Python Basics,2024-01-21,2024-02-07,Not Started
301,294,Communication Skills,2023-07-24,2023-08-20,Ongoing
302,295,Leadership,2023-10-28,2023-11-24,Completed
303,296,Python Basics,2024-11-18,2024-12-09,Ongoing
304,297,Python Basics,2024-07-14,2024-08-04,Not Started
305,298,Project Management,2024-08-31,2024-09-13,Ongoing
306,299,Data Analysis,2024-06-06,2024-06-21,Ongoing
307,300,Python Basics,2025-02-23,2025-03-04,Ongoing
308,301,Leadership,2024-11-06,2024-11-30,Not Started
309,302,Communication Skills,2023-08-19,2023-08-30,Completed
310,303,Python Basics,2024-10-09,2024-10-15,Not Started
311,304,Project Management,2025-04-09,2025-05-07,Not Started
312,304,Python Basics,2023-10-15,2023-10-29,Completed
313,306,Data Analysis,2025-04-28,2025-05-19,Not Started
314,306,Leadership,2025-04-19,2025-05-06,Ongoing
315,308,Data Analysis,2023-12-27,2024-01-08,Completed
316,309,Project Management,2025-05-18,2025-06-02,Ongoing
317,309,Python Basics,2025-01-01,2025-01-20,Not Started
318,312,Project Management,2023-07-10,2023-08-05,Completed
319,312,Project Management,2023-09-03,2023-10-02,Not Started
320,313,Leadership,2024-06-20,2024-07-10,Not Started
321,314,Data Analysis,2024-09-21,2024-10-08,Completed
322,314,Communication Skills,2024-08-05,2024-09-01,Completed
323,315,Leadership,2024-02-08,2024-02-26,Not Started
324,316,Leadership,2024-11-15,2024-11-30,Completed
325,316,Communication Skills,2025-02-16,2025-03-08,Not Started
326,317,Data Analysis,2024-08-13,2024-08-24,Completed
327,319,Python Basics,2024-02-29,2024-03-27,Ongoing
328,319,Leadership,2024-07-02,2024-07-09,Ongoing
329,320,Communication Skills,2024-08-25,2024-09-12,Completed
330,322,Leadership,2024-06-08,2024-06-17,Completed
331,323,Data Analysis,2024-03-31,2024-04-26,Ongoing
332,327,Communication Skills,2024-07-31,2024-08-24,Ongoing
333,327,Project Management,2025-02-18,2025-03-04,Ongoing
334,328,Project Management,2024-08-27,2024-09-14,Not Started
335,331,Communication Skills,2024-10-23,2024-11-10,Not Started
336,331,Data Analysis,2024-05-23,2024-06-20,Ongoing
337,333,Leadership,2024-05-23,2024-06-12,Completed
338,333,Data Analysis,2023-09-19,2023-09-29,Ongoing
339,334,Data Analysis,2024-03-04,2024-04-03,Completed
340,334,Python Basics,2024-06-19,2024-07-11,Completed
341,335,Project Management,2024-04-11,2024-04-17,Completed
342,336,Leadership,2023-12-19,2023-12-25,Not Started
343,337,Data Analysis,2023-07-05,2023-07-29,Ongoing
344,339,Project Management,2024-12-07,2024-12-19,Completed
345,340,Communication Skills,2024-05-12,2024-05-24,Not Started
346,340,Python Basics,2025-01-04,2025-01-13,Not Started
347,341,Data Analysis,2023-10-18,2023-11-04,Not Started
348,343,Leadership,2023-11-27,2023-12-02,Not Started
349,345,Leadership,2023-07-18,2023-08-13,Not Started
350,345,Project Management,2023-05-26,2023-06-24,Not Started
351,346,Data Analysis,2024-09-16,2024-09-30,Ongoing
352,346,Project Management,2023-10-21,2023-10-31,Ongoing
353,347,Communication Skills,2023-10-21,2023-11-04,Not Started
354,348,Project Management,2024-03-27,2024-04-25,Ongoing
355,349,Communication Skills,2023-06-20,2023-07-10,Completed
356,349,Python Basics,2024-09-15,2024-10-15,Ongoing
357,350,Data Analysis,2024-04-15,2024-04-20,Not Started
358,352,Communication Skills,2025-04-02,2025-04-07,Completed
359,352,Leadership,2025-03-28,2025-04-15,Ongoing
360,354,Python Basics,2023-11-05,2023-11-27,Completed
361,354,Data Analysis,2023-10-09,2023-10-16,Not Started
362,356,Project Management,2024-02-21,2024-03-17,Completed
363,356,Data Analysis,2023-11-13,2023-11-24,Ongoing
364,357,Python Basics,2025-05-01,2025-05-06,Not Started
365,357,Project Management,2025-02-06,2025-02-18,Ongoing
366,358,Communication Skills,2025-03-05,2025-03-15,Completed
367,358,Python Basics,2023-12-19,2024-01-13,Not Started
368,359,Project Management,2024-11-28,2024-12-08,Not Started
369,361,Python Basics,2023-12-28,2024-01-04,Completed
370,362,Data Analysis,2025-02-17,2025-03-05,Not Started
371,363,Leadership,2024-09-17,2024-09-30,Ongoing
372,364,Communication Skills,2025-03-17,2025-03-30,Not Started
373,364,Communication Skills,2025-04-04,2025-04-21,Ongoing
374,365,Python Basics,2024-03-18,2024-03-29,Not Started
375,365,Data Analysis,2024-05-06,2024-05-11,Not Started
376,368,Project Management,2023-10-17,2023-11-10,Not Started
377,369,Project Management,2023-07-29,2023-08-17,Not Started
378,369,Project Management,2023-07-23,2023-08-21,Ongoing
379,370,Python Basics,2024-06-20,2024-07-03,Ongoing
380,371,Python Basics,2023-08-29,2023-09-16,Not Started
381,372,Python Basics,2024-11-08,2024-11-22,Not Started
382,374,Python Basics,2023-12-09,2024-01-03,Completed
383,377,Project Management,2023-06-12,2023-07-07,Not Started
384,377,Leadership,2023-07-16,2023-08-08,Completed
385,380,Leadership,2025-01-28,2025-02-10,Ongoing
386,381,Leadership,2024-03-03,2024-03-15,Ongoing
387,381,Communication Skills,2025-04-23,2025-05-23,Completed
388,382,Data Analysis,2023-12-22,2024-01-03,Completed
389,382,Communication Skills,2023-09-08,2023-10-05,Not Started
390,383,Project Management,2023-07-02,2023-07-22,Ongoing
391,385,Project Management,2023-08-09,2023-08-24,Completed
392,387,Python Basics,2024-12-05,2024-12-17,Ongoing
393,388,Communication Skills,2025-04-16,2025-05-15,Ongoing
394,388,Project Management,2024-02-21,2024-02-26,Ongoing
395,389,Project Management,2024-06-24,2024-06-29,Not Started
396,389,Leadership,2024-01-01,2024-01-22,Not Started
397,390,Data Analysis,2024-03-26,2024-04-01,Completed
398,390,Project Management,2024-01-05,2024-01-20,Not Started
399,391,Data Analysis,2023-08-09,2023-08-15,Completed
400,392,Project Management,2024-09-02,2024-09-23,Ongoing
401,392,Python Basics,2024-12-09,2025-01-07,Not Started
402,393,Communication Skills,2023-08-03,2023-08-31,Ongoing
403,393,Project Management,2024-01-01,2024-01-31,Completed
404,394,Project Management,2024-07-31,2024-08-30,Not Started
405,395,Leadership,2023-11-27,2023-12-08,Not Started
406,395,Leadership,2023-08-31,2023-09-17,Completed
407,396,Python Basics,2024-09-04,2024-10-03,Not Started
408,396,Data Analysis,2024-06-16,2024-06-22,Completed
409,397,Data Analysis,2024-03-15,2024-03-28,Completed
410,397,Data Analysis,2024-11-12,2024-12-04,Not Started
411,398,Data Analysis,2025-02-08,2025-02-17,Not Started
412,399,Project Management,2025-04-23,2025-05-16,Completed
413,400,Project Management,2023-10-05,2023-10-30,Completed
414,400,Python Basics,2024-02-29,2024-03-07,Not Started
415,401,Python Basics,2025-03-06,2025-03-12,Ongoing
416,401,Python Basics,2023-12-22,2023-12-30,Not Started
417,402,Leadership,2025-02-02,2025-02-09,Not Started
418,403,Communication Skills,2025-05-11,2025-05-19,Ongoing
419,404,Project Management,2024-08-07,2024-08-13,Completed
420,404,Leadership,2023-12-10,2023-12-18,Not Started
421,405,Communication Skills,2024-04-04,2024-04-11,Completed
422,405,Project Management,2024-04-13,2024-04-27,Completed
423,406,Project Management,2024-06-04,2024-06-12,Ongoing
424,409,Project Management,2023-10-28,2023-11-17,Completed
425,410,Project Management,2023-11-11,2023-12-01,Ongoing
426,410,Communication Skills,2024-11-09,2024-12-05,Ongoing
427,411,Python Basics,2024-09-17,2024-10-12,Ongoing
428,413,Python Basics,2024-03-18,2024-04-16,Completed
429,414,Project Management,2024-03-12,2024-03-18,Completed
430,415,Project Management,2025-03-15,2025-04-13,Not Started
431,415,Project Management,2025-05-19,2025-06-03,Completed
432,417,Python Basics,2024-09-07,2024-09-20,Ongoing
433,419,Leadership,2023-09-20,2023-10-20,Ongoing
434,419,Data Analysis,2024-10-15,2024-11-01,Completed
435,421,Communication Skills,2024-07-15,2024-08-03,Ongoing
436,421,Data Analysis,2023-05-27,2023-06-18,Ongoing
437,422,Data Analysis,2024-01-12,2024-02-08,Not Started
438,423,Communication Skills,2024-03-11,2024-03-16,Ongoing
439,424,Data Analysis,2024-12-21,2025-01-03,Completed
440,425,Project Management,2024-06-17,2024-07-08,Completed
441,425,Leadership,2024-07-05,2024-07-30,Ongoing
442,426,Communication Skills,2024-12-06,2025-01-03,Completed
443,427,Communication Skills,2023-07-03,2023-07-15,Ongoing
444,428,Communication Skills,2023-09-08,2023-10-02,Completed
445,429,Data Analysis,2024-07-25,2024-08-18,Ongoing
446,431,Python Basics,2023-10-30,2023-11-21,Ongoing
447,432,Communication Skills,2023-09-14,2023-10-09,Not Started
448,433,Communication Skills,2024-07-17,2024-08-10,Completed
449,436,Project Management,2024-03-23,2024-04-03,Not Started
450,436,Communication Skills,2024-01-11,2024-01-25,Not Started
451,442,Communication Skills,2024-04-03,2024-04-09,Completed
452,442,Leadership,2025-04-21,2025-05-08,Completed
453,443,Data Analysis,2023-12-30,2024-01-07,Completed
454,443,Python Basics,2023-12-03,2023-12-21,Not Started
455,444,Data Analysis,2024-09-15,2024-10-08,Not Started
456,444,Data Analysis,2024-11-20,2024-12-04,Completed
457,445,Communication Skills,2023-05-26,2023-06-16,Not Started
458,449,Data Analysis,2024-12-26,2025-01-12,Ongoing
459,450,Python Basics,2024-11-25,2024-12-06,Ongoing
460,452,Communication Skills,2024-02-06,2024-02-28,Ongoing
461,452,Python Basics,2024-05-02,2024-05-21,Ongoing
462,455,Data Analysis,2024-03-10,2024-03-27,Ongoing
463,455,Python Basics,2024-01-24,2024-02-11,Not Started
464,458,Leadership,2024-02-10,2024-02-26,Completed
465,458,Project Management,2023-12-16,2024-01-05,Completed
466,460,Communication Skills,2024-10-22,2024-11-11,Completed
467,461,Data Analysis,2023-09-13,2023-09-29,Not Started
468,464,Leadership,2024-09-29,2024-10-05,Ongoing
469,464,Communication Skills,2025-04-07,2025-05-06,Not Started
470,465,Project Management,2024-12-25,2025-01-12,Completed
471,466,Communication Skills,2023-08-18,2023-09-01,Completed
472,466,Python Basics,2023-10-14,2023-11-02,Completed
473,467,Project Management,2024-12-24,2025-01-20,Completed
474,468,Data Analysis,2025-04-23,2025-05-04,Ongoing
475,468,Python Basics,2023-06-21,2023-07-08,Ongoing
476,471,Project Management,2025-01-08,2025-01-16,Ongoing
477,472,Data Analysis,2024-08-17,2024-08-22,Completed
478,472,Data Analysis,2023-08-19,2023-09-11,Completed
479,473,Project Management,2024-08-19,2024-09-11,Completed
480,476,Leadership,2024-07-19,2024-07-31,Ongoing
481,477,Communication Skills,2024-12-02,2024-12-10,Completed
482,478,Communication Skills,2025-01-19,2025-01-27,Completed
483,478,Data Analysis,2024-06-28,2024-07-27,Not Started
484,479,Communication Skills,2024-08-13,2024-08-26,Ongoing
485,480,Data Analysis,2024-01-06,2024-01-15,Not Started
486,480,Leadership,2024-07-27,2024-08-04,Not Started
487,481,Project Management,2024-11-18,2024-11-23,Ongoing
488,483,Project Management,2025-03-21,2025-03-31,Ongoing
489,483,Leadership,2024-03-08,2024-04-06,Completed
490,485,Leadership,2024-07-28,2024-08-25,Ongoing
491,486,Project Management,2024-04-07,2024-04-24,Not Started
492,486,Communication Skills,2024-02-25,2024-03-18,Not Started
493,487,Leadership,2024-11-17,2024-12-05,Not Started
494,488,Project Management,2024-07-02,2024-07-25,Ongoing
495,489,Data Analysis,2025-02-25,2025-03-17,Completed
496,491,Communication Skills,2025-03-23,2025-04-19,Not Started
497,491,Data Analysis,2025-01-24,2025-02-14,Not Started
498,492,Leadership,2023-09-11,2023-09-22,Not Started
499,492,Project Management,2024-01-23,2024-02-08,Not Started
500,494,Data Analysis,2023-07-09,2023-07-22,Ongoing
501,498,Python Basics,2024-05-23,2024-06-05,Completed
502,498,Data Analysis,2023-06-05,2023-06-28,Not Started
503,499,Communication Skills,2023-08-05,2023-08-24,Not Started
504,499,Project Management,2023-06-23,2023-07-17,Not Started
505,501,Communication Skills,2025-02-02,2025-02-17,Ongoing
506,501,Leadership,2023-09-29,2023-10-09,Not Started
507,502,Project Management,2024-07-20,2024-08-03,Completed
508,503,Leadership,2024-08-24,2024-09-12,Completed
509,504,Project Management,2024-08-05,2024-08-12,Completed
510,505,Communication Skills,2024-08-22,2024-09-03,Ongoing
511,505,Python Basics,2024-04-24,2024-05-03,Completed
512,506,Project Management,2024-01-20,2024-02-19,Completed
513,508,Leadership,2024-03-08,2024-03-30,Completed
514,508,Python Basics,2024-04-17,2024-05-17,Completed
515,509,Project Management,2024-04-05,2024-04-15,Completed
516,510,Data Analysis,2023-06-04,2023-06-21,Completed
517,510,Leadership,2024-11-08,2024-11-22,Not Started
518,512,Python Basics,2024-05-06,2024-05-14,Completed
519,514,Data Analysis,2025-04-04,2025-04-18,Not Started
520,514,Data Analysis,2025-02-17,2025-03-08,Ongoing
521,516,Communication Skills,2023-11-03,2023-11-17,Not Started
522,519,Data Analysis,2023-08-19,2023-08-26,Not Started
523,520,Project Management,2023-12-01,2023-12-12,Completed
524,520,Python Basics,2025-03-08,2025-03-17,Completed
525,522,Data Analysis,2024-10-14,2024-11-06,Not Started
526,523,Data Analysis,2023-07-28,2023-08-06,Ongoing
527,524,Leadership,2025-03-22,2025-04-02,Completed
528,524,Python Basics,2023-11-07,2023-11-17,Completed
529,525,Data Analysis,2024-04-05,2024-04-16,Ongoing
530,525,Data Analysis,2024-10-13,2024-11-10,Not Started
531,526,Python Basics,2023-06-24,2023-07-13,Ongoing
532,526,Communication Skills,2025-04-28,2025-05-23,Ongoing
533,528,Data Analysis,2025-03-30,2025-04-27,Completed
534,530,Python Basics,2023-06-15,2023-07-15,Not Started
535,531,Leadership,2023-06-29,2023-07-16,Completed
536,532,Communication Skills,2024-11-29,2024-12-18,Ongoing
537,536,Project Management,2025-04-20,2025-05-16,Ongoing
538,537,Project Management,2024-01-24,2024-02-13,Not Started
539,538,Data Analysis,2024-03-14,2024-04-02,Completed
540,539,Communication Skills,2024-05-23,2024-05-30,Completed
541,540,Leadership,2023-06-14,2023-07-02,Not Started
542,541,Python Basics,2024-12-09,2024-12-22,Not Started
543,542,Python Basics,2023-10-26,2023-11-19,Completed
544,542,Leadership,2024-07-08,2024-07-15,Completed
545,543,Communication Skills,2024-01-24,2024-02-14,Not Started
546,544,Leadership,2025-04-18,2025-04-29,Ongoing
547,544,Leadership,2024-04-27,2024-05-11,Ongoing
548,547,Python Basics,2023-11-23,2023-12-11,Ongoing
549,548,Communication Skills,2024-01-01,2024-01-14,Completed
550,548,Project Management,2025-02-18,2025-02-24,Ongoing
551,549,Communication Skills,2023-09-13,2023-10-02,Completed
552,550,Communication Skills,2023-11-15,2023-12-02,Not Started
553,552,Leadership,2024-02-19,2024-02-24,Not Started
554,553,Project Management,2024-05-19,2024-06-06,Ongoing
555,554,Communication Skills,2025-04-13,2025-05-08,Completed
556,555,Project Management,2023-11-10,2023-11-28,Completed
557,556,Python Basics,2025-05-07,2025-06-05,Not Started
558,558,Data Analysis,2023-07-18,2023-08-14,Completed
559,558,Data Analysis,2023-10-16,2023-10-23,Ongoing
560,560,Communication Skills,2025-04-21,2025-05-05,Ongoing
561,562,Data Analysis,2024-09-09,2024-10-01,Completed
562,563,Python Basics,2023-07-22,2023-08-12,Ongoing
563,564,Python Basics,2025-01-03,2025-01-23,Completed
564,565,Leadership,2024-02-17,2024-02-26,Not Started
565,566,Data Analysis,2024-03-09,2024-03-25,Not Started
566,566,Data Analysis,2023-10-10,2023-10-30,Completed
567,568,Python Basics,2024-09-17,2024-10-14,Ongoing
568,570,Data Analysis,2023-11-21,2023-12-16,Completed
569,571,Leadership,2023-08-12,2023-08-25,Ongoing
570,571,Leadership,2024-10-23,2024-11-12,Ongoing
571,572,Python Basics,2023-10-24,2023-10-30,Completed
572,573,Python Basics,2023-07-07,2023-07-26,Not Started
573,574,Python Basics,2023-11-20,2023-12-13,Completed
574,575,Communication Skills,2024-07-20,2024-07-30,Ongoing
575,576,Communication Skills,2025-04-14,2025-04-29,Ongoing
576,576,Python Basics,2024-10-25,2024-11-12,Not Started
577,579,Project Management,2024-12-05,2024-12-24,Completed
578,580,Data Analysis,2024-03-15,2024-04-05,Ongoing
579,580,Project Management,2024-06-06,2024-06-13,Completed
580,581,Leadership,2024-09-14,2024-09-23,Not Started
581,583,Data Analysis,2024-02-16,2024-02-22,Not Started
582,583,Communication Skills,2023-12-08,2024-01-06,Not Started
583,584,Leadership,2024-04-10,2024-05-03,Not Started
584,584,Communication Skills,2025-03-19,2025-03-31,Ongoing
585,585,Project Management,2023-11-10,2023-11-30,Completed
586,585,Communication Skills,2025-05-07,2025-06-02,Completed
587,586,Data Analysis,2025-01-09,2025-02-02,Not Started
588,587,Leadership,2025-04-12,2025-04-23,Completed
589,587,Communication Skills,2023-12-19,2023-12-26,Completed
590,589,Project Management,2025-01-31,2025-03-02,Ongoing
591,589,Python Basics,2025-02-02,2025-02-27,Not Started
592,590,Communication Skills,2024-10-16,2024-11-04,Completed
593,590,Python Basics,2024-04-28,2024-05-25,Completed
594,592,Leadership,2024-07-13,2024-08-07,Ongoing
595,593,Leadership,2023-07-14,2023-08-11,Ongoing
596,593,Python Basics,2023-12-06,2023-12-14,Completed
597,595,Python Basics,2023-11-13,2023-12-13,Not Started
598,596,Python Basics,2024-04-09,2024-04-15,Not Started
599,596,Python Basics,2024-06-26,2024-07-22,Completed
600,597,Communication Skills,2024-01-09,2024-02-08,Not Started
601,599,Project Management,2023-11-26,2023-12-14,Completed
602,601,Communication Skills,2023-07-04,2023-07-24,Ongoing
603,601,Data Analysis,2024-06-29,2024-07-21,Not Started
604,602,Data Analysis,2023-09-30,2023-10-05,Ongoing
605,602,Python Basics,2023-11-09,2023-12-02,Not Started
606,603,Leadership,2024-08-10,2024-08-28,Not Started
607,603,Data Analysis,2024-02-16,2024-03-05,Completed
608,604,Project Management,2024-05-06,2024-06-01,Ongoing
609,605,Project Management,2023-11-15,2023-12-13,Completed
610,605,Communication Skills,2024-06-13,2024-06-28,Not Started
611,608,Leadership,2023-06-13,2023-07-04,Not Started
612,608,Project Management,2024-01-24,2024-02-06,Ongoing
613,612,Leadership,2024-01-26,2024-01-31,Completed
614,612,Python Basics,2024-02-09,2024-02-26,Ongoing
615,613,Python Basics,2024-06-02,2024-06-16,Ongoing
616,613,Project Management,2023-10-15,2023-11-01,Not Started
617,616,Data Analysis,2024-01-17,2024-01-31,Completed
618,616,Communication Skills,2024-10-10,2024-10-26,Not Started
619,617,Project Management,2024-02-13,2024-02-20,Not Started
620,617,Project Management,2023-09-25,2023-10-11,Ongoing
621,619,Communication Skills,2024-12-28,2025-01-26,Completed
622,620,Python Basics,2024-12-30,2025-01-12,Not Started
623,622,Leadership,2024-02-12,2024-03-07,Not Started
624,623,Project Management,2025-03-13,2025-04-04,Ongoing
625,623,Leadership,2024-08-18,2024-09-12,Ongoing
626,624,Python Basics,2025-04-10,2025-05-08,Completed
627,626,Communication Skills,2024-07-25,2024-08-19,Completed
628,626,Leadership,2025-04-01,2025-04-13,Not Started
629,629,Project Management,2024-09-17,2024-09-28,Ongoing
630,629,Data Analysis,2025-02-16,2025-03-04,Not Started
631,630,Leadership,2024-09-27,2024-10-03,Not Started
632,630,Project Management,2024-02-10,2024-03-10,Completed
633,631,Project Management,2024-01-12,2024-02-01,Ongoing
634,631,Data Analysis,2024-06-15,2024-06-24,Not Started
635,632,Data Analysis,2023-06-13,2023-07-08,Completed
636,633,Python Basics,2024-07-25,2024-08-19,Completed
637,633,Communication Skills,2025-01-10,2025-02-08,Completed
638,634,Communication Skills,2025-01-28,2025-02-18,Completed
639,634,Project Management,2023-11-02,2023-12-02,Not Started
640,635,Project Management,2023-07-17,2023-08-08,Not Started
641,637,Python Basics,2024-07-07,2024-07-20,Ongoing
642,638,Leadership,2023-07-11,2023-08-06,Completed
643,638,Data Analysis,2023-07-09,2023-07-29,Completed
644,640,Project Management,2024-09-30,2024-10-12,Ongoing
645,641,Data Analysis,2024-03-17,2024-03-24,Ongoing
646,641,Python Basics,2025-04-22,2025-05-13,Completed
647,642,Project Management,2023-06-20,2023-07-15,Completed
648,643,Leadership,2025-03-17,2025-03-31,Ongoing
649,644,Leadership,2024-11-23,2024-12-23,Ongoing
650,645,Project Management,2024-11-13,2024-11-20,Completed
651,645,Leadership,2024-07-17,2024-07-28,Ongoing
652,647,Data Analysis,2025-03-29,2025-04-10,Not Started
653,647,Leadership,2023-12-05,2023-12-19,Completed
654,648,Python Basics,2023-08-26,2023-09-11,Ongoing
655,649,Python Basics,2023-06-20,2023-07-03,Not Started
656,650,Python Basics,2024-05-11,2024-05-17,Not Started
657,650,Data Analysis,2024-12-05,2025-01-04,Ongoing
658,651,Leadership,2023-05-29,2023-06-14,Completed
659,652,Python Basics,2023-11-25,2023-12-12,Completed
660,652,Data Analysis,2024-08-11,2024-09-04,Ongoing
661,655,Project Management,2024-02-27,2024-03-28,Completed
662,657,Python Basics,2024-08-31,2024-09-09,Completed
663,659,Data Analysis,2023-07-16,2023-08-11,Not Started
664,661,Python Basics,2023-11-24,2023-12-07,Completed
665,663,Python Basics,2025-04-05,2025-04-19,Not Started
666,664,Data Analysis,2024-01-20,2024-02-04,Completed
667,664,Project Management,2023-08-30,2023-09-16,Not Started
668,666,Project Management,2024-02-12,2024-03-08,Ongoing
669,666,Data Analysis,2024-10-02,2024-10-27,Not Started
670,667,Data Analysis,2024-07-22,2024-08-15,Ongoing
671,670,Communication Skills,2024-07-18,2024-08-09,Not Started
672,670,Leadership,2023-07-30,2023-08-28,Completed
673,671,Communication Skills,2024-07-26,2024-08-06,Ongoing
674,673,Project Management,2024-02-24,2024-03-01,Not Started
675,675,Project Management,2023-10-08,2023-10-17,Completed
676,675,Python Basics,2024-06-15,2024-07-02,Not Started
677,677,Data Analysis,2024-05-16,2024-06-08,Ongoing
678,678,Leadership,2024-05-03,2024-05-18,Completed
679,678,Project Management,2024-01-21,2024-01-30,Not Started
680,679,Data Analysis,2023-07-03,2023-07-17,Not Started
681,679,Python Basics,2023-10-19,2023-11-14,Ongoing
682,680,Communication Skills,2023-06-27,2023-07-02,Ongoing
683,680,Data Analysis,2024-03-22,2024-04-18,Not Started
684,681,Leadership,2024-09-03,2024-10-03,Not Started
685,681,Project Management,2023-08-30,2023-09-16,Ongoing
686,682,Project Management,2024-10-30,2024-11-12,Completed
687,682,Data Analysis,2024-10-22,2024-11-20,Ongoing
688,683,Python Basics,2025-01-27,2025-02-21,Completed
689,685,Project Management,2024-08-31,2024-09-12,Not Started
690,686,Leadership,2023-10-18,2023-11-16,Ongoing
691,688,Project Management,2024-03-28,2024-04-06,Ongoing
692,688,Leadership,2024-09-20,2024-10-05,Not Started
693,689,Python Basics,2024-07-23,2024-08-16,Completed
694,690,Communication Skills,2023-08-18,2023-09-13,Not Started
695,690,Leadership,2024-03-03,2024-03-19,Completed
696,691,Data Analysis,2023-06-23,2023-07-04,Ongoing
697,693,Leadership,2023-09-23,2023-10-22,Ongoing
698,693,Communication Skills,2024-06-13,2024-06-25,Ongoing
699,694,Python Basics,2024-07-15,2024-08-12,Not Started
700,696,Leadership,2024-04-04,2024-04-21,Ongoing
701,697,Data Analysis,2023-07-27,2023-08-01,Completed
702,699,Leadership,2023-08-21,2023-09-10,Ongoing
703,699,Data Analysis,2024-07-25,2024-08-15,Completed
704,700,Python Basics,2024-04-27,2024-05-14,Completed
705,700,Data Analysis,2023-06-27,2023-07-08,Completed
706,701,Data Analysis,2024-11-16,2024-11-25,Not Started
707,701,Data Analysis,2024-12-26,2025-01-06,Not Started
708,702,Communication Skills,2024-12-19,2025-01-18,Ongoing
709,704,Leadership,2023-08-09,2023-09-02,Completed
710,705,Communication Skills,2024-12-25,2024-12-31,Not Started
711,706,Python Basics,2024-03-06,2024-03-19,Completed
712,706,Data Analysis,2023-09-12,2023-10-05,Completed
713,707,Communication Skills,2023-06-08,2023-06-17,Completed
714,707,Python Basics,2024-01-24,2024-02-04,Ongoing
715,708,Python Basics,2023-07-29,2023-08-23,Completed
716,708,Project Management,2023-06-24,2023-07-15,Ongoing
717,710,Python Basics,2023-09-02,2023-09-29,Ongoing
718,711,Python Basics,2024-07-30,2024-08-29,Ongoing
719,713,Project Management,2024-09-14,2024-09-22,Ongoing
720,714,Leadership,2024-05-25,2024-06-19,Not Started
721,716,Communication Skills,2023-08-28,2023-09-18,Not Started
722,716,Communication Skills,2025-01-31,2025-02-18,Completed
723,717,Data Analysis,2023-09-06,2023-09-18,Completed
724,718,Python Basics,2023-09-30,2023-10-13,Ongoing
725,719,Communication Skills,2024-03-20,2024-04-02,Not Started
726,719,Project Management,2023-11-06,2023-11-20,Not Started
727,720,Leadership,2023-09-11,2023-09-19,Not Started
728,722,Leadership,2024-04-22,2024-05-14,Ongoing
729,722,Leadership,2023-07-25,2023-08-05,Ongoing
730,724,Project Management,2025-04-27,2025-05-09,Completed
731,724,Data Analysis,2023-09-18,2023-10-09,Not Started
732,728,Communication Skills,2025-04-06,2025-04-22,Completed
733,728,Communication Skills,2024-12-22,2025-01-21,Not Started
734,729,Leadership,2025-04-13,2025-04-27,Completed
735,731,Communication Skills,2024-02-07,2024-02-25,Ongoing
736,732,Communication Skills,2024-01-30,2024-02-14,Not Started
737,732,Python Basics,2023-10-31,2023-11-10,Completed
738,734,Python Basics,2023-08-07,2023-08-27,Ongoing
739,735,Data Analysis,2024-01-16,2024-01-28,Not Started
740,735,Leadership,2025-02-05,2025-03-07,Not Started
741,736,Communication Skills,2024-11-17,2024-11-23,Completed
742,736,Communication Skills,2024-11-17,2024-12-17,Completed
743,737,Python Basics,2024-06-23,2024-07-06,Not Started
744,739,Data Analysis,2023-09-17,2023-09-28,Not Started
745,740,Project Management,2023-06-07,2023-06-17,Completed
746,741,Python Basics,2024-10-04,2024-10-31,Not Started
747,741,Data Analysis,2023-10-12,2023-11-08,Not Started
748,742,Communication Skills,2024-05-18,2024-06-13,Not Started
749,742,Data Analysis,2024-06-21,2024-07-01,Ongoing
750,743,Project Management,2024-12-06,2024-12-13,Completed
751,743,Communication Skills,2024-08-18,2024-09-02,Not Started
752,747,Python Basics,2024-12-11,2025-01-02,Not Started
753,748,Project Management,2025-05-19,2025-06-01,Ongoing
754,750,Data Analysis,2024-04-28,2024-05-04,Ongoing
755,751,Leadership,2024-01-02,2024-01-23,Completed
756,751,Leadership,2024-06-20,2024-07-05,Ongoing
757,752,Leadership,2024-03-16,2024-04-05,Ongoing
758,756,Data Analysis,2024-11-23,2024-12-13,Completed
759,756,Leadership,2024-08-14,2024-09-10,Not Started
760,759,Project Management,2023-10-30,2023-11-13,Ongoing
761,759,Project Management,2025-01-05,2025-01-30,Completed
762,760,Leadership,2023-08-06,2023-09-04,Ongoing
763,765,Leadership,2023-09-24,2023-10-03,Not Started
764,765,Data Analysis,2024-03-01,2024-03-27,Ongoing
765,766,Project Management,2025-01-19,2025-01-31,Ongoing
766,766,Leadership,2024-08-12,2024-08-21,Ongoing
767,767,Data Analysis,2025-03-19,2025-04-04,Completed
768,767,Leadership,2024-03-31,2024-04-15,Not Started
769,770,Project Management,2023-10-24,2023-11-18,Not Started
770,772,Leadership,2024-04-16,2024-04-30,Ongoing
771,772,Python Basics,2024-04-23,2024-05-04,Completed
772,773,Project Management,2024-09-15,2024-10-03,Not Started
773,773,Leadership,2024-06-29,2024-07-21,Completed
774,774,Project Management,2024-04-03,2024-04-23,Not Started
775,774,Data Analysis,2024-04-23,2024-05-09,Completed
776,775,Leadership,2024-01-14,2024-01-22,Completed
777,775,Python Basics,2024-12-16,2024-12-22,Not Started
778,776,Data Analysis,2024-09-03,2024-09-12,Ongoing
779,779,Data Analysis,2023-07-19,2023-08-12,Not Started
780,781,Project Management,2024-12-17,2024-12-26,Not Started
781,784,Leadership,2025-05-16,2025-05-25,Ongoing
782,784,Data Analysis,2024-07-21,2024-08-11,Ongoing
783,785,Python Basics,2024-06-25,2024-07-04,Not Started
784,787,Python Basics,2024-07-14,2024-07-23,Not Started
785,792,Data Analysis,2023-09-30,2023-10-25,Ongoing
786,794,Data Analysis,2024-12-22,2024-12-30,Ongoing
787,796,Communication Skills,2023-09-17,2023-10-05,Completed
788,796,Python Basics,2024-03-10,2024-03-15,Completed
789,797,Python Basics,2024-12-10,2025-01-06,Ongoing
790,798,Python Basics,2024-09-09,2024-09-30,Ongoing
791,798,Project Management,2024-01-14,2024-02-05,Completed
792,799,Project Management,2024-10-22,2024-11-09,Ongoing
793,799,Leadership,2023-10-20,2023-10-25,Not Started
794,800,Project Management,2024-06-15,2024-06-20,Not Started
795,800,Communication Skills,2023-06-21,2023-06-30,Completed
796,804,Project Management,2023-07-16,2023-08-09,Ongoing
797,805,Python Basics,2024-05-20,2024-06-03,Not Started
798,805,Leadership,2024-05-11,2024-05-20,Not Started
799,808,Python Basics,2025-04-06,2025-04-11,Ongoing
800,809,Leadership,2024-08-10,2024-08-20,Not Started
801,809,Python Basics,2024-03-15,2024-04-06,Not Started
802,810,Data Analysis,2023-06-07,2023-06-28,Ongoing
803,810,Python Basics,2024-06-29,2024-07-18,Completed
804,811,Data Analysis,2023-06-26,2023-07-01,Not Started
805,812,Leadership,2024-12-17,2025-01-14,Ongoing
806,813,Communication Skills,2025-04-03,2025-04-16,Completed
807,814,Communication Skills,2025-01-28,2025-02-12,Completed
808,814,Communication Skills,2024-07-30,2024-08-27,Not Started
809,815,Python Basics,2023-10-10,2023-11-09,Completed
810,816,Data Analysis,2023-07-06,2023-07-29,Ongoing
811,816,Leadership,2023-07-28,2023-08-24,Completed
812,817,Communication Skills,2024-03-24,2024-04-02,Ongoing
813,818,Data Analysis,2024-08-07,2024-08-16,Not Started
814,818,Communication Skills,2023-11-05,2023-11-20,Completed
815,819,Leadership,2024-02-06,2024-02-24,Completed
816,819,Project Management,2024-10-18,2024-11-14,Completed
817,822,Project Management,2025-02-08,2025-03-04,Completed
818,822,Communication Skills,2024-11-02,2024-11-11,Not Started
819,823,Project Management,2025-03-25,2025-04-20,Completed
820,823,Leadership,2023-09-05,2023-10-03,Ongoing
821,824,Data Analysis,2024-06-17,2024-07-16,Ongoing
822,824,Communication Skills,2025-04-26,2025-05-07,Not Started
823,825,Leadership,2024-01-23,2024-02-12,Ongoing
824,827,Data Analysis,2025-01-10,2025-01-22,Ongoing
825,827,Data Analysis,2024-02-11,2024-03-06,Not Started
826,829,Leadership,2024-08-31,2024-09-26,Completed
827,830,Project Management,2023-09-11,2023-09-16,Ongoing
828,832,Project Management,2025-04-09,2025-04-28,Not Started
829,834,Communication Skills,2023-11-21,2023-12-19,Completed
830,834,Python Basics,2025-03-01,2025-03-15,Completed
831,837,Project Management,2023-09-14,2023-09-20,Not Started
832,839,Data Analysis,2025-04-08,2025-04-18,Completed
833,840,Python Basics,2023-10-21,2023-11-19,Not Started
834,842,Data Analysis,2024-09-04,2024-09-19,Completed
835,843,Data Analysis,2025-04-13,2025-05-08,Ongoing
836,843,Communication Skills,2024-08-21,2024-09-03,Ongoing
837,846,Leadership,2024-04-25,2024-05-16,Completed
838,846,Python Basics,2024-12-28,2025-01-08,Not Started
839,848,Communication Skills,2023-09-19,2023-10-05,Ongoing
840,849,Communication Skills,2025-04-27,2025-05-05,Completed
841,851,Project Management,2023-09-27,2023-10-18,Completed
842,851,Leadership,2024-05-04,2024-05-21,Ongoing
843,852,Python Basics,2024-11-08,2024-11-29,Not Started
844,852,Python Basics,2023-10-21,2023-10-26,Not Started
845,854,Communication Skills,2024-06-09,2024-06-24,Ongoing
846,854,Communication Skills,2025-02-10,2025-02-23,Not Started
847,855,Data Analysis,2024-08-16,2024-08-25,Completed
848,856,Python Basics,2024-11-20,2024-12-15,Ongoing
849,857,Communication Skills,2023-07-15,2023-08-01,Completed
850,858,Data Analysis,2024-10-14,2024-10-24,Not Started
851,859,Python Basics,2024-11-27,2024-12-23,Not Started
852,859,Communication Skills,2024-03-19,2024-03-27,Completed
853,860,Leadership,2024-12-09,2024-12-26,Completed
854,861,Leadership,2024-04-12,2024-05-09,Completed
855,861,Python Basics,2024-05-23,2024-05-31,Not Started
856,862,Communication Skills,2024-05-06,2024-05-19,Not Started
857,863,Project Management,2023-12-14,2023-12-22,Completed
858,863,Python Basics,2023-06-27,2023-07-27,Ongoing
859,865,Communication Skills,2024-04-09,2024-04-30,Not Started
860,866,Project Management,2025-04-20,2025-05-14,Ongoing
861,866,Python Basics,2023-07-16,2023-08-07,Completed
862,868,Data Analysis,2024-08-27,2024-09-09,Not Started
863,869,Communication Skills,2025-01-20,2025-02-09,Not Started
864,870,Communication Skills,2024-03-19,2024-04-07,Not Started
865,870,Data Analysis,2023-07-10,2023-07-23,Not Started
866,872,Communication Skills,2023-06-09,2023-07-05,Completed
867,873,Python Basics,2023-11-09,2023-11-25,Completed
868,874,Leadership,2024-07-05,2024-08-01,Not Started
869,875,Leadership,2024-10-16,2024-10-30,Ongoing
870,875,Leadership,2024-08-30,2024-09-10,Not Started
871,876,Project Management,2024-10-17,2024-10-26,Not Started
872,877,Leadership,2023-09-30,2023-10-09,Completed
873,877,Leadership,2025-01-19,2025-02-13,Ongoing
874,878,Communication Skills,2024-12-25,2025-01-12,Ongoing
875,880,Data Analysis,2023-10-24,2023-11-05,Not Started
876,881,Python Basics,2024-06-01,2024-06-06,Ongoing
877,882,Communication Skills,2024-12-13,2024-12-22,Completed
878,883,Leadership,2023-06-27,2023-07-12,Not Started
879,885,Communication Skills,2024-04-02,2024-05-02,Ongoing
880,886,Project Management,2023-11-13,2023-11-23,Not Started
881,889,Project Management,2024-11-16,2024-12-14,Ongoing
882,890,Leadership,2023-12-05,2023-12-18,Completed
883,891,Project Management,2024-02-25,2024-03-16,Completed
884,891,Data Analysis,2025-04-13,2025-05-04,Ongoing
885,894,Project Management,2023-12-04,2023-12-10,Completed
886,895,Python Basics,2024-06-02,2024-06-29,Completed
887,896,Leadership,2024-02-14,2024-03-07,Not Started
888,897,Python Basics,2023-11-25,2023-11-30,Not Started
889,898,Communication Skills,2023-08-27,2023-09-05,Ongoing
890,898,Python Basics,2024-02-10,2024-02-26,Ongoing
891,899,Data Analysis,2023-09-07,2023-09-22,Ongoing
892,899,Data Analysis,2025-03-17,2025-04-03,Not Started
893,900,Python Basics,2024-04-15,2024-05-14,Ongoing
894,900,Leadership,2024-03-22,2024-03-30,Not Started
895,901,Project Management,2023-12-07,2023-12-27,Ongoing
896,902,Data Analysis,2023-06-30,2023-07-15,Ongoing
897,902,Leadership,2023-12-28,2024-01-07,Not Started
898,903,Project Management,2024-03-16,2024-03-27,Ongoing
899,903,Project Management,2023-10-15,2023-10-26,Ongoing
900,905,Python Basics,2024-07-09,2024-07-19,Not Started
901,906,Leadership,2023-07-20,2023-07-29,Not Started
902,906,Communication Skills,2024-07-18,2024-08-06,Not Started
903,909,Leadership,2024-12-02,2024-12-28,Not Started
904,909,Python Basics,2023-07-30,2023-08-04,Completed
905,911,Python Basics,2025-02-14,2025-03-11,Not Started
906,912,Project Management,2023-06-19,2023-07-16,Completed
907,913,Communication Skills,2024-08-21,2024-09-09,Ongoing
908,913,Project Management,2024-04-24,2024-05-07,Completed
909,915,Python Basics,2023-09-27,2023-10-07,Not Started
910,915,Communication Skills,2025-03-24,2025-04-17,Ongoing
911,916,Project Management,2023-12-07,2024-01-06,Ongoing
912,917,Data Analysis,2024-12-03,2024-12-22,Not Started
913,918,Communication Skills,2024-07-08,2024-07-31,Completed
914,919,Data Analysis,2024-09-04,2024-10-01,Not Started
915,920,Data Analysis,2025-05-15,2025-05-24,Not Started
916,920,Communication Skills,2025-05-08,2025-05-23,Ongoing
917,922,Project Management,2025-03-01,2025-03-23,Not Started
918,922,Project Management,2025-04-18,2025-05-13,Not Started
919,923,Communication Skills,2024-04-13,2024-05-01,Ongoing
920,924,Communication Skills,2024-12-11,2025-01-04,Not Started
921,927,Communication Skills,2025-01-03,2025-01-22,Ongoing
922,927,Project Management,2024-02-27,2024-03-21,Not Started
923,929,Data Analysis,2023-11-28,2023-12-04,Completed
924,930,Python Basics,2025-02-03,2025-02-24,Ongoing
925,930,Leadership,2023-05-25,2023-06-18,Ongoing
926,932,Python Basics,2024-02-07,2024-03-05,Not Started
927,932,Leadership,2024-06-29,2024-07-17,Not Started
928,933,Leadership,2024-01-12,2024-01-29,Ongoing
929,933,Python Basics,2023-06-27,2023-07-13,Ongoing
930,935,Leadership,2024-02-11,2024-03-04,Ongoing
931,936,Python Basics,2024-08-15,2024-08-25,Not Started
932,936,Leadership,2023-12-29,2024-01-16,Ongoing
933,938,Data Analysis,2025-01-25,2025-02-20,Not Started
934,938,Communication Skills,2025-04-05,2025-04-14,Completed
935,939,Communication Skills,2024-10-17,2024-11-02,Not Started
936,939,Python Basics,2023-07-22,2023-08-10,Ongoing
937,941,Python Basics,2023-07-13,2023-07-24,Not Started
938,942,Python Basics,2024-11-27,2024-12-24,Completed
939,942,Project Management,2023-09-21,2023-10-01,Not Started
940,946,Project Management,2024-04-09,2024-05-04,Not Started
941,946,Data Analysis,2023-09-04,2023-09-29,Completed
942,947,Data Analysis,2023-07-08,2023-07-18,Completed
943,947,Communication Skills,2024-03-27,2024-04-13,Ongoing
944,949,Project Management,2025-01-25,2025-02-18,Completed
945,949,Leadership,2025-05-14,2025-06-09,Ongoing
946,950,Project Management,2025-03-22,2025-04-08,Ongoing
947,951,Communication Skills,2025-04-07,2025-04-15,Ongoing
948,952,Data Analysis,2024-02-26,2024-03-24,Completed
949,952,Communication Skills,2025-01-10,2025-01-17,Ongoing
950,953,Data Analysis,2023-11-15,2023-11-30,Completed
951,953,Leadership,2024-12-15,2025-01-08,Completed
952,954,Data Analysis,2024-09-09,2024-09-28,Completed
953,956,Leadership,2024-09-11,2024-10-06,Completed
954,957,Python Basics,2024-11-04,2024-11-27,Completed
955,958,Communication Skills,2023-12-13,2024-01-02,Completed
956,958,Project Management,2023-06-10,2023-07-06,Not Started
957,959,Communication Skills,2025-03-24,2025-04-21,Not Started
958,961,Project Management,2024-12-04,2024-12-09,Not Started
959,961,Project Management,2024-11-10,2024-11-27,Completed
960,962,Leadership,2024-12-15,2025-01-13,Completed
961,962,Communication Skills,2024-11-09,2024-11-22,Completed
962,964,Data Analysis,2023-09-19,2023-10-09,Completed
963,965,Data Analysis,2025-03-10,2025-04-09,Completed
964,965,Data Analysis,2025-01-19,2025-01-27,Ongoing
965,966,Communication Skills,2024-02-14,2024-03-14,Completed
966,966,Project Management,2023-12-29,2024-01-23,Completed
967,967,Project Management,2024-06-02,2024-06-19,Completed
968,968,Project Management,2025-05-09,2025-05-29,Ongoing
969,969,Communication Skills,2024-02-01,2024-02-07,Ongoing
970,970,Communication Skills,2023-10-24,2023-11-04,Not Started
971,970,Project Management,2025-02-06,2025-03-07,Completed
972,972,Leadership,2024-10-10,2024-11-09,Ongoing
973,972,Python Basics,2025-03-07,2025-03-22,Not Started
974,973,Python Basics,2024-04-05,2024-04-22,Completed
975,974,Data Analysis,2024-07-04,2024-07-27,Not Started
976,976,Leadership,2023-06-10,2023-06-28,Ongoing
977,976,Communication Skills,2024-06-17,2024-06-22,Not Started
978,977,Project Management,2023-06-27,2023-07-26,Completed
979,977,Python Basics,2025-02-01,2025-02-27,Not Started
980,978,Leadership,2024-07-17,2024-08-09,Completed
981,979,Data Analysis,2025-04-07,2025-05-07,Not Started
982,980,Python Basics,2024-02-16,2024-02-23,Ongoing
983,980,Leadership,2023-10-12,2023-10-18,Not Started
984,981,Data Analysis,2024-10-07,2024-10-20,Ongoing
985,981,Communication Skills,2025-05-13,2025-05-20,Not Started
986,982,Python Basics,2024-12-15,2025-01-09,Ongoing
987,983,Data Analysis,2024-09-26,2024-10-09,Ongoing
988,984,Data Analysis,2024-03-09,2024-04-08,Not Started
989,985,Project Management,2025-04-03,2025-04-24,Ongoing
990,985,Python Basics,2023-06-18,2023-07-07,Completed
991,986,Communication Skills,2023-07-22,2023-08-10,Not Started
992,987,Leadership,2024-11-18,2024-11-27,Ongoing
993,987,Project Management,2024-04-27,2024-05-19,Completed
994,989,Leadership,2024-07-08,2024-07-16,Ongoing
995,989,Python Basics,2025-02-09,2025-02-25,Ongoing
996,992,Python Basics,2024-05-01,2024-05-24,Ongoing
997,992,Communication Skills,2024-02-10,2024-03-08,Ongoing
998,993,Communication Skills,2023-12-11,2024-01-03,Not Started
999,994,Communication Skills,2025-01-24,2025-02-21,Completed
1000,994,Data Analysis,2023-08-17,2023-08-26,Not Started
1001,995,Data Analysis,2024-01-16,2024-01-27,Ongoing
1002,998,Communication Skills,2025-02-27,2025-03-18,Completed
1003,999,Data Analysis,2025-01-02,2025-01-11,Not Started
1004,1000,Leadership,2024-01-19,2024-01-28,Completed
1005,1000,Project Management,2024-04-02,2024-04-20,Ongoing
